<?xml version="1.0" encoding="utf-8"?>
<odoo>
    <data noupdate="1">
        <record id="seq_picking_qc" model="ir.sequence">
            <field name="name">Sequence QC</field>
            <field name="code">stock.picking.qc</field>
            <field name="prefix">QC/</field>
            <field name="padding">5</field>
            <field name="number_next">1</field>
            <field name="number_increment">1</field>
        </record>

        <record id="stock.picking_type_qc" model="stock.picking.type">
            <field name="name">QC</field>
            <field name="code">internal</field>
            <field name="sequence_id" ref="seq_picking_qc"/>
            <field name="default_location_src_id" ref="stock.stock_location_company"/>
            <field name="default_location_dest_id" ref="stock.stock_location_stock"/>
        </record>

    </data>
</odoo>