"id","name","code","country_id"
"state_id_1","DKI Jakarta",1,"Indonesia"
"state_id_2","Banten",2,"Indonesia"
"state_id_3","Jawa Barat",3,"Indonesia"
"state_id_4","Sumatera Utara",4,"Indonesia"
"state_id_5","Nanggroe Aceh Darussalam (NAD)",5,"Indonesia"
"state_id_6","Sumatera Barat",6,"Indonesia"
"state_id_7","Riau",7,"Indonesia"
"state_id_8","Kepulauan Riau",8,"Indonesia"
"state_id_9","Sumatera Selatan",9,"Indonesia"
"state_id_10","Bangka Belitung",10,"Indonesia"
"state_id_11","Lampung",11,"Indonesia"
"state_id_12","Jambi",12,"Indonesia"
"state_id_13","Bengkulu",13,"Indonesia"
"state_id_14","Jawa Tengah",14,"Indonesia"
"state_id_15","DI Yogyakarta",15,"Indonesia"
"state_id_16","Jawa Timur",16,"Indonesia"
"state_id_17","Kalimantan Selatan",17,"Indonesia"
"state_id_18","Kalimantan Tengah",18,"Indonesia"
"state_id_19","Kalimantan Timur",19,"Indonesia"
"state_id_20","Kalimantan Utara",20,"Indonesia"
"state_id_21","Kalimantan Barat",21,"Indonesia"
"state_id_22","Bali",22,"Indonesia"
"state_id_23","Nusa Tenggara Barat (NTB)",23,"Indonesia"
"state_id_24","Nusa Tenggara Timur (NTT)",24,"Indonesia"
"state_id_25","Sulawesi Selatan",25,"Indonesia"
"state_id_26","Sulawesi Barat",26,"Indonesia"
