"id","zip","name","kecamatan_id"
10110,10110,"Gambir","Gambir"
10120,10120,"Kebon Kelapa","Gambir"
10130,10130,"Petojo Utara","Gambir"
10140,10140,"Duri Pulo","Gambir"
10150,10150,"Cideng","Gambir"
10160,10160,"Petojo Selatan","Gambir"
10210,10210,"Bendungan Hilir","Tanah Abang"
10220,10220,"Karet Tengsin","Tanah Abang"
10230,10230,"Kebon Melati","Tanah Abang"
10240,10240,"Kebon Kacang","Tanah Abang"
10250,10250,"Kampung Bali","Tanah Abang"
10260,10260,"Petamburan","Tanah Abang"
10270,10270,"Gelora","Tanah Abang"
10310,10310,"Menteng","Menteng"
10320,10320,"Pegangsaan","Menteng"
10330,10330,"Cikini","Menteng"
10340,10340,"Kebon Sirih","Menteng"
10350,10350,"Gondangdia","Menteng"
10410,10410,"Senen","Senen"
10420,10420,"Kwitang","Senen"
10430,10430,"Kenari","Senen"
10440,10440,"Paseban","Senen"
10450,10450,"Kramat","Senen"
10460,10460,"Bungur","Senen"
10510,10510,"Cempaka Putih Timur","Cempaka Putih"
10520,10520,"Cempaka Putih Barat","Cempaka Putih"
10530,10530,"Galur","Johar Baru"
10540,10540,"Tanah Tinggi","Johar Baru"
10550,10550,"Kampung Rawa","Johar Baru"
10560,10560,"Johar Baru","Johar Baru"
10570,10570,"Rawasari","Cempaka Putih"
10610,10610,"Gunung Sahari Selatan","Kemayoran"
10620,10620,"Kemayoran","Kemayoran"
10630,10630,"Kebon Kosong","Kemayoran"
10640,10640,"Cempaka Baru","Kemayoran"
10640,10640,"Harapan Mulya","Kemayoran"
10640,10640,"Sumur Batu","Kemayoran"
10650,10650,"Serdang","Kemayoran"
10650,10650,"Utan Panjang","Kemayoran"
10710,10710,"Pasar Baru","Sawah Besar"
10720,10720,"Gunung Sahari Utara","Sawah Besar"
10730,10730,"Mangga Dua Selatan","Sawah Besar"
10740,10740,"Karang Anyar","Sawah Besar"
10750,10750,"Kartini","Sawah Besar"
11110,11110,"Pinangsia","Taman Sari"
11120,11120,"Glodok","Taman Sari"
11130,11130,"Keagungan","Taman Sari"
11140,11140,"Krukut","Taman Sari"
11150,11150,"Taman Sari","Taman Sari"
11160,11160,"Maphar","Taman Sari"
11170,11170,"Tangki","Taman Sari"
11180,11180,"Mangga Besar","Taman Sari"
11210,11210,"Tanah Sereal","Tambora"
11220,11220,"Tambora","Tambora"
11230,11230,"Roa Malaka","Tambora"
11240,11240,"Pekojan","Tambora"
11250,11250,"Jembatan Lima","Tambora"
11260,11260,"Krendang","Tambora"
11270,11270,"Duri Selatan","Tambora"
11270,11270,"Duri Utara","Tambora"
11310,11310,"Kali Anyar","Tambora"
11320,11320,"Jembatan Besi","Tambora"
11330,11330,"Angke","Tambora"
11410,11410,"Slipi","Palmerah"
11420,11420,"Kota Bambu Selatan","Palmerah"
11420,11420,"Kota Bambu Utara","Palmerah"
11430,11430,"Jatipulo","Palmerah"
11440,11440,"Tomang","Grogol Petamburan"
11450,11450,"Grogol","Grogol Petamburan"
11460,11460,"Jelambar","Grogol Petamburan"
11460,11460,"Jelambar Baru","Grogol Petamburan"
11460,11460,"Wijaya Kusuma","Grogol Petamburan"
11470,11470,"Tanjung Duren Selatan","Grogol Petamburan"
11470,11470,"Tanjung Duren Utara","Grogol Petamburan"
11480,11480,"Kemanggisan","Palmerah"
11480,11480,"Palmerah","Palmerah"
11510,11510,"Duri Kepa","Kebon Jeruk"
11520,11520,"Kedoya Selatan","Kebon Jeruk"
11520,11520,"Kedoya Utara","Kebon Jeruk"
11530,11530,"Kebon Jeruk","Kebon Jeruk"
11540,11540,"Sukabumi Utara (Ilir)","Kebon Jeruk"
11550,11550,"Kelapa Dua","Kebon Jeruk"
11560,11560,"Sukabumi Selatan (Udik)","Kebon Jeruk"
11610,11610,"Kembangan Selatan","Kembangan"
11610,11610,"Kembangan Utara","Kembangan"
11620,11620,"Meruya Utara (Ilir)","Kembangan"
11630,11630,"Srengseng","Kembangan"
11640,11640,"Joglo","Kembangan"
11650,11650,"Meruya Selatan (Udik)","Kembangan"
11710,11710,"Kedaung Kali Angke","Cengkareng"
11720,11720,"Kapuk","Cengkareng"
11730,11730,"Cengkareng Barat","Cengkareng"
11730,11730,"Cengkareng Timur","Cengkareng"
11740,11740,"Rawa Buaya","Cengkareng"
11750,11750,"Duri Kosambi","Cengkareng"
11810,11810,"Kamal","Kalideres"
11820,11820,"Tegal Alur","Kalideres"
11830,11830,"Pegadungan","Kalideres"
11840,11840,"Kalideres","Kalideres"
11850,11850,"Semanan","Kalideres"
12110,12110,"Selong","Kebayoran Baru"
12120,12120,"Gunung","Kebayoran Baru"
12130,12130,"Kramat Pela","Kebayoran Baru"
12140,12140,"Gandaria Utara","Kebayoran Baru"
12150,12150,"Cipete Utara","Kebayoran Baru"
12160,12160,"Melawai","Kebayoran Baru"
12160,12160,"Pulo","Kebayoran Baru"
12170,12170,"Petogogan","Kebayoran Baru"
12180,12180,"Rawa Barat","Kebayoran Baru"
12190,12190,"Senayan","Kebayoran Baru"
12210,12210,"Grogol Utara","Kebayoran Lama"
12220,12220,"Grogol Selatan","Kebayoran Lama"
12230,12230,"Cipulir","Kebayoran Lama"
12240,12240,"Kebayoran Lama Selatan","Kebayoran Lama"
12240,12240,"Kebayoran Lama Utara","Kebayoran Lama"
12250,12250,"Ulujami","Pesanggrahan"
12260,12260,"Petukangan Utara","Pesanggrahan"
12270,12270,"Petukangan Selatan","Pesanggrahan"
12310,12310,"Pondok Pinang","Kebayoran Lama"
12320,12320,"Pesanggrahan","Pesanggrahan"
12330,12330,"Bintaro","Pesanggrahan"
12410,12410,"Cipete Selatan","Cilandak"
12420,12420,"Gandaria Selatan","Cilandak"
12430,12430,"Cilandak Barat","Cilandak"
12440,12440,"Lebak Bulus","Cilandak"
12450,12450,"Pondok Labu","Cilandak"
12510,12510,"Pejaten Barat","Pasar Minggu"
12510,12510,"Pejaten Timur","Pasar Minggu"
12520,12520,"Kebagusan","Pasar Minggu"
12520,12520,"Pasar Minggu","Pasar Minggu"
12530,12530,"Tanjung Barat","Jagakarsa"
12540,12540,"Jati Padang","Pasar Minggu"
12550,12550,"Ragunan","Pasar Minggu"
12560,12560,"Cilandak Timur","Pasar Minggu"
12620,12620,"Jagakarsa","Jagakarsa"
12630,12630,"Ciganjur","Jagakarsa"
12630,12630,"Cipedak","Jagakarsa"
12630,12630,"Lenteng Agung","Jagakarsa"
12640,12640,"Srengseng Sawah","Jagakarsa"
12710,12710,"Kuningan Barat","Mampang Prapatan"
12720,12720,"Pela Mampang","Mampang Prapatan"
12730,12730,"Bangka","Mampang Prapatan"
12740,12740,"Kalibata","Pancoran"
12750,12750,"Rawa Jati","Pancoran"
12760,12760,"Duren Tiga","Pancoran"
12770,12770,"Cikoko","Pancoran"
12770,12770,"Pengadegan","Pancoran"
12780,12780,"Pancoran","Pancoran"
12790,12790,"Mampang Prapatan","Mampang Prapatan"
12790,12790,"Tegal Parang","Mampang Prapatan"
12810,12810,"Tebet Barat","Tebet"
12820,12820,"Tebet Timur","Tebet"
12830,12830,"Kebon Baru","Tebet"
12840,12840,"Bukit Duri","Tebet"
12850,12850,"Manggarai","Tebet"
12860,12860,"Manggarai Selatan","Tebet"
12870,12870,"Menteng Dalam","Tebet"
12910,12910,"Setiabudi","Setia Budi"
12920,12920,"Karet","Setia Budi"
12930,12930,"Karet Semanggi","Setia Budi"
12940,12940,"Karet Kuningan","Setia Budi"
12950,12950,"Kuningan Timur","Setia Budi"
12960,12960,"Menteng Atas","Setia Budi"
12970,12970,"Pasar Manggis","Setia Budi"
12980,12980,"Guntur","Setia Budi"
13110,13110,"Pisangan Baru","Matraman"
13120,13120,"Utan Kayu Selatan","Matraman"
13120,13120,"Utan Kayu Utara","Matraman"
13130,13130,"Kayu Manis","Matraman"
13140,13140,"Pal Meriam","Matraman"
13150,13150,"Kebon Manggis","Matraman"
13210,13210,"Kayu Putih","Pulo Gadung"
13220,13220,"Jati","Pulo Gadung"
13220,13220,"Rawamangun","Pulo Gadung"
13230,13230,"Pisangan Timur","Pulo Gadung"
13240,13240,"Cipinang","Pulo Gadung"
13250,13250,"Jatinegara Kaum","Pulo Gadung"
13260,13260,"Pulo Gadung","Pulo Gadung"
13310,13310,"Bali Mester","Jatinegara"
13320,13320,"Kampung Melayu","Jatinegara"
13330,13330,"Bidaracina","Jatinegara"
13340,13340,"Cipinang Cempedak","Jatinegara"
13350,13350,"Rawa Bunga","Jatinegara"
13410,13410,"Cipinang Besar Selatan","Jatinegara"
13410,13410,"Cipinang Besar Utara","Jatinegara"
13420,13420,"Cipinang Muara","Jatinegara"
13430,13430,"Pondok Bambu","Duren Sawit"
13440,13440,"Duren Sawit","Duren Sawit"
13450,13450,"Pondok Kelapa","Duren Sawit"
13460,13460,"Malaka Jaya","Duren Sawit"
13460,13460,"Malaka Sari","Duren Sawit"
13460,13460,"Pondok Kopi","Duren Sawit"
13470,13470,"Klender","Duren Sawit"
13510,13510,"Kramat Jati","Kramat Jati"
13520,13520,"Batuampar","Kramat Jati"
13530,13530,"Balekambang","Kramat Jati"
13540,13540,"Kampung Tengah","Kramat Jati"
13550,13550,"Dukuh","Kramat Jati"
13560,13560,"Pinang Ranti","Makasar"
13570,13570,"Makasar","Makasar"
13610,13610,"Halim Perdana Kusumah","Makasar"
13620,13620,"Cipinang Melayu","Makasar"
13630,13630,"Cawang","Kramat Jati"
13640,13640,"Cililitan","Kramat Jati"
13650,13650,"Kebon Pala","Makasar"
13710,13710,"Pekayon","Pasar Rebo"
13720,13720,"Cibubur","Ciracas"
13730,13730,"Kelapa Dua Wetan","Ciracas"
13740,13740,"Ciracas","Ciracas"
13750,13750,"Susukan","Ciracas"
13760,13760,"Gedong","Pasar Rebo"
13770,13770,"Cijantung","Pasar Rebo"
13780,13780,"Baru","Pasar Rebo"
13790,13790,"Kalisari","Pasar Rebo"
13810,13810,"Lubang Buaya","Cipayung"
13820,13820,"Ceger","Cipayung"
13830,13830,"Rambutan","Ciracas"
13840,13840,"Cipayung","Cipayung"
13850,13850,"Munjul","Cipayung"
13860,13860,"Pondok Rangon","Cipayung"
13870,13870,"Cilangkap","Cipayung"
13880,13880,"Setu","Cipayung"
13890,13890,"Bambu Apus","Cipayung"
13910,13910,"Cakung Barat","Cakung"
13910,13910,"Cakung Timur","Cakung"
13920,13920,"Rawa Terate","Cakung"
13930,13930,"Jatinegara","Cakung"
13940,13940,"Penggilingan","Cakung"
13950,13950,"Pulo Gebang","Cakung"
13960,13960,"Ujung Menteng","Cakung"
14110,14110,"Kali Baru","Cilincing"
14120,14120,"Cilincing","Cilincing"
14130,14130,"Semper Barat","Cilincing"
14130,14130,"Semper Timur","Cilincing"
14140,14140,"Rorotan","Cilincing"
14140,14140,"Sukapura","Cilincing"
14150,14150,"Marunda","Cilincing"
14210,14210,"Koja (Utara, Selatan)","Koja"
14230,14230,"Rawa Badak Selatan","Koja"
14230,14230,"Rawa Badak Utara","Koja"
14240,14240,"Kelapa Gading Barat","Kelapa Gading"
14240,14240,"Kelapa Gading Timur","Kelapa Gading"
14250,14250,"Pegangsaan Dua","Kelapa Gading"
14260,14260,"Tugu Selatan","Koja"
14260,14260,"Tugu Utara","Koja"
14270,14270,"Lagoa","Koja"
14310,14310,"Tanjung Priok","Tanjung Priok"
14320,14320,"Kebon Bawang","Tanjung Priok"
14330,14330,"Sungai Bambu","Tanjung Priok"
14340,14340,"Papanggo","Tanjung Priok"
14350,14350,"Sunter Agung","Tanjung Priok"
14360,14360,"Sunter Jaya","Tanjung Priok"
14370,14370,"Warakas","Tanjung Priok"
14410,14410,"Pademangan Timur","Pademangan"
14420,14420,"Pademangan Barat","Pademangan"
14430,14430,"Ancol","Pademangan"
14440,14440,"Penjaringan","Penjaringan"
14450,14450,"Pejagalan","Penjaringan"
14450,14450,"Pluit","Penjaringan"
14460,14460,"Kapuk Muara","Penjaringan"
14470,14470,"Kamal Muara","Penjaringan"
14510,14510,"Pulau Untung Jawa","Kepulauan Seribu Selatan"
14520,14520,"Pulau Pari","Kepulauan Seribu Selatan"
14520,14520,"Pulau Tidung","Kepulauan Seribu Selatan"
14530,14530,"Pulau Panggang","Kepulauan Seribu Utara"
14540,14540,"Pulau Harapan","Kepulauan Seribu Utara"
14540,14540,"Pulau Kelapa","Kepulauan Seribu Utara"
15111,15111,"Suka Asih","Tangerang"
15111,15111,"Sukarasa","Tangerang"
15112,15112,"Koang Jaya","Karawaci"
15112,15112,"Nambo Jaya","Karawaci"
15112,15112,"Pabuaran Tumpeng","Karawaci"
15112,15112,"Pasar Baru","Karawaci"
15113,15113,"Bugel","Karawaci"
15113,15113,"Gerendeng","Karawaci"
15113,15113,"Marga Sari","Karawaci"
15113,15113,"Suka Jadi","Karawaci"
15114,15114,"Cimone","Karawaci"
15114,15114,"Pabuaran","Karawaci"
15114,15114,"Sumur Pancing (Pacing)","Karawaci"
15115,15115,"Bojong Jaya","Karawaci"
15115,15115,"Karawaci","Karawaci"
15116,15116,"Cimone Jaya","Karawaci"
15116,15116,"Karawaci Baru","Karawaci"
15116,15116,"Nusa Jaya","Karawaci"
15117,15117,"Cikokol","Tangerang"
15117,15117,"Kelapa Indah","Tangerang"
15118,15118,"Babakan","Tangerang"
15118,15118,"Sukasari","Tangerang"
15119,15119,"Buaran Indah","Tangerang"
15119,15119,"Tanah Tinggi","Tangerang"
15121,15121,"Batu Jaya","Batuceper"
15121,15121,"Batu Sari","Batuceper"
15121,15121,"Karang Anyar","Neglasari"
15121,15121,"Karang Sari","Neglasari"
15122,15122,"Batu Ceper","Batuceper"
15122,15122,"Kebon Besar","Batuceper"
15122,15122,"Poris Gaga","Batuceper"
15122,15122,"Poris Gaga Baru","Batuceper"
15122,15122,"Poris Jaya","Batuceper"
15123,15123,"Belendung","Benda"
15124,15124,"Jurumudi","Benda"
15124,15124,"Jurumudi Baru","Benda"
15125,15125,"Benda","Benda"
15126,15126,"Pajang","Benda"
15127,15127,"Selapajang Jaya","Neglasari"
15128,15128,"Kedaung Baru","Neglasari"
15128,15128,"Kedaung Wetan","Neglasari"
15129,15129,"Mekar Sari","Neglasari"
15129,15129,"Neglasari","Neglasari"
15131,15131,"Periuk","Periuk"
15131,15131,"Periuk Jaya","Periuk"
15132,15132,"Gebang Raya","Periuk"
15132,15132,"Sangiang Jaya","Periuk"
15133,15133,"Alam Jaya","Jatiuwung"
15133,15133,"Gembor","Periuk"
15134,15134,"Jatiuwung","Cibodas"
15134,15134,"Keroncong","Jatiuwung"
15135,15135,"Pasir Jaya","Jatiuwung"
15136,15136,"Jatake","Jatiuwung"
15136,15136,"Manis Jaya","Jatiuwung"
15137,15137,"Gandasari","Jatiuwung"
15138,15138,"Cibodas","Cibodas"
15138,15138,"Cibodas Baru","Cibodas"
15138,15138,"Cibodas Sari","Cibodas"
15138,15138,"Uwung Jaya","Cibodas"
15139,15139,"Panunggangan Barat","Cibodas"
15141,15141,"Poris Plawad","Cipondoh"
15141,15141,"Poris Plawad Indah","Cipondoh"
15141,15141,"Poris Plawad Utara","Cipondoh"
15142,15142,"Cipete","Pinang (Penang)"
15142,15142,"Pakojan","Pinang (Penang)"
15143,15143,"Panunggangan","Pinang (Penang)"
15143,15143,"Panunggangan Timur","Pinang (Penang)"
15143,15143,"Panunggangan Utara","Pinang (Penang)"
15144,15144,"Kunciran","Pinang (Penang)"
15144,15144,"Kunciran Indah","Pinang (Penang)"
15144,15144,"Kunciran Jaya","Pinang (Penang)"
15145,15145,"Nerogtog","Pinang (Penang)"
15145,15145,"Pinang","Pinang (Penang)"
15145,15145,"Sudimara Pinang","Pinang (Penang)"
15146,15146,"Gondrong","Cipondoh"
15146,15146,"Kenanga","Cipondoh"
15147,15147,"Ketapang","Cipondoh"
15147,15147,"Petir","Cipondoh"
15148,15148,"Cipondoh","Cipondoh"
15148,15148,"Cipondoh Indah","Cipondoh"
15148,15148,"Cipondoh Makmur","Cipondoh"
15151,15151,"Sudimara Barat","Ciledug"
15151,15151,"Sudimara Jaya","Ciledug"
15151,15151,"Sudimara Selatan","Ciledug"
15151,15151,"Sudimara Timur","Ciledug"
15152,15152,"Tajur","Ciledug"
15153,15153,"Paninggilan","Ciledug"
15153,15153,"Paninggilan Utara","Ciledug"
15153,15153,"Parung Serab","Ciledug"
15154,15154,"Gaga","Larangan"
15154,15154,"Larangan Indah","Larangan"
15154,15154,"Larangan Selatan","Larangan"
15154,15154,"Larangan Utara","Larangan"
15155,15155,"Cipadu","Larangan"
15155,15155,"Cipadu Jaya","Larangan"
15156,15156,"Kreo","Larangan"
15156,15156,"Kreo Selatan","Larangan"
15157,15157,"Karang Mulya","Karang Tengah"
15157,15157,"Karang Tengah","Karang Tengah"
15157,15157,"Karang Tengah","Pagedangan"
15157,15157,"Karang Timur","Karang Tengah"
15158,15158,"Pondok Pucung","Karang Tengah"
15159,15159,"Padurenan (Pedurenan)","Karang Tengah"
15159,15159,"Parung Jaya","Karang Tengah"
15159,15159,"Pondok Bahar","Karang Tengah"
15211,15211,"Dadap","Kosambi"
15211,15211,"Jatimulya","Kosambi"
15212,15212,"Belimbing","Kosambi"
15212,15212,"Cengklong","Kosambi"
15213,15213,"Kosambi Barat","Kosambi"
15213,15213,"Kosambi Timur","Kosambi"
15214,15214,"Salembaran Jati","Kosambi"
15214,15214,"Salembaran Raya","Kosambi"
15215,15215,"Rawa Burung","Kosambi"
15215,15215,"Rawa Rengas","Kosambi"
15220,15220,"Pondok Jaya","Pondok Aren"
15221,15221,"Pondok Betung","Pondok Aren"
15222,15222,"Jurang Mangu Timur","Pondok Aren"
15223,15223,"Jurang Mangu Barat","Pondok Aren"
15224,15224,"Pondok Aren","Pondok Aren"
15225,15225,"Pondok Karya","Pondok Aren"
15226,15226,"Pondok Kacang Barat","Pondok Aren"
15226,15226,"Pondok Kacang Timur","Pondok Aren"
15227,15227,"Perigi Lama","Pondok Aren"
15228,15228,"Perigi Baru","Pondok Aren"
15229,15229,"Pondok Pucung","Pondok Aren"
15310,15310,"Buaran","Serpong"
15310,15310,"Ciater","Serpong"
15310,15310,"Cilenggang","Serpong"
15310,15310,"Rawa Mekar Jaya","Serpong"
15311,15311,"Serpong","Serpong"
15312,15312,"Kranggan","Setu"
15313,15313,"Kademangan","Setu"
15314,15314,"Muncul","Setu"
15314,15314,"Setu","Setu"
15315,15315,"Babakan","Setu"
15315,15315,"Bakti Jaya","Setu"
15318,15318,"Rawa Buntu","Serpong"
15320,15320,"Lengkong Karya","Serpong Utara"
15320,15320,"Pakualam","Serpong Utara"
15321,15321,"Lengkong Gudang","Serpong"
15321,15321,"Lengkong Gudang Timur","Serpong"
15322,15322,"Lengkong Wetan","Serpong"
15323,15323,"Jelupang","Serpong Utara"
15324,15324,"Paku Jaya","Serpong Utara"
15325,15325,"Pakulonan","Serpong Utara"
15326,15326,"Pondok Jagung","Serpong Utara"
15326,15326,"Pondok Jagung Timur","Serpong Utara"
15330,15330,"Jatake","Pagedangan"
15330,15330,"Malang Nengah","Pagedangan"
15331,15331,"Lengkong Kulon","Pagedangan"
15332,15332,"Cihuni","Pagedangan"
15334,15334,"Medang","Pagedangan"
15335,15335,"Cijantra","Pagedangan"
15336,15336,"Cicalengka","Pagedangan"
15337,15337,"Kadu Sirung","Pagedangan"
15338,15338,"Situ Gadung","Pagedangan"
15339,15339,"Pagedangan","Pagedangan"
15340,15340,"Mekarwangi","Cisauk"
15341,15341,"Cisauk","Cisauk"
15342,15342,"Dangdang","Cisauk"
15343,15343,"Suradita","Cisauk"
15344,15344,"Cibogo","Cisauk"
15345,15345,"Sampora","Cisauk"
15411,15411,"Cipayung","Ciputat"
15411,15411,"Ciputat","Ciputat"
15412,15412,"Cempaka Putih","Ciputat Timur"
15412,15412,"Pondok Ranji","Ciputat Timur"
15412,15412,"Rempoa","Ciputat Timur"
15412,15412,"Rengas","Ciputat Timur"
15413,15413,"Sawah Baru","Ciputat"
15413,15413,"Sawah Lama","Ciputat"
15414,15414,"Jombang","Ciputat"
15414,15414,"Sarua (Serua)","Ciputat"
15414,15414,"Sarua Indah","Ciputat"
15415,15415,"Bambu Apus","Pamulang"
15415,15415,"Kedaung","Pamulang"
15416,15416,"Pondok Benda","Pamulang"
15417,15417,"Pamulang Barat","Pamulang"
15417,15417,"Pamulang Timur","Pamulang"
15418,15418,"Benda Baru","Pamulang"
15418,15418,"Pondok Cabe Ilir","Pamulang"
15418,15418,"Pondok Cabe Udik","Pamulang"
15419,15419,"Cireundeu","Ciputat Timur"
15419,15419,"Pisangan","Ciputat Timur"
15510,15510,"Babakan Asem","Teluknaga"
15510,15510,"Bojong Renged","Teluknaga"
15510,15510,"Kampung Besar","Teluknaga"
15510,15510,"Kampung Melayu Barat","Teluknaga"
15510,15510,"Kampung Melayu Timur","Teluknaga"
15510,15510,"Kebon Cau","Teluknaga"
15510,15510,"Lemo","Teluknaga"
15510,15510,"Muara","Teluknaga"
15510,15510,"Pangkalan","Teluknaga"
15510,15510,"Tanjung Burung","Teluknaga"
15510,15510,"Tanjung Pasir","Teluknaga"
15510,15510,"Tegal Angus","Teluknaga"
15510,15510,"Teluk Naga","Teluknaga"
15520,15520,"Gempol Sari","Sepatan Timur"
15520,15520,"Jati Mulya","Sepatan Timur"
15520,15520,"Kampung Kelor","Sepatan Timur"
15520,15520,"Karet","Sepatan"
15520,15520,"Kayu Agung","Sepatan"
15520,15520,"Kayu Bongkok","Sepatan"
15520,15520,"Kedaung Barat","Sepatan Timur"
15520,15520,"Lebak Wangi","Sepatan Timur"
15520,15520,"Mekar Jaya","Sepatan"
15520,15520,"Pisangan Jaya","Sepatan"
15520,15520,"Pondok Jaya","Sepatan"
15520,15520,"Pondok Kelor","Sepatan Timur"
15520,15520,"Sangiang","Sepatan Timur"
15520,15520,"Sarakan","Sepatan"
15520,15520,"Sepatan","Sepatan"
15520,15520,"Tanah Merah","Sepatan Timur"
15530,15530,"Banyu Asih","Mauk"
15530,15530,"Buaran Jati","Sukadiri"
15530,15530,"Gintung","Sukadiri"
15530,15530,"Gunung Sari","Mauk"
15530,15530,"Jati Waringin","Mauk"
15530,15530,"Karang Anyar","Kemiri"
15530,15530,"Karang Serang","Sukadiri"
15530,15530,"Kedung Dalem","Mauk"
15530,15530,"Kemiri","Kemiri"
15530,15530,"Ketapang","Mauk"
15530,15530,"Kjlebet (Kelebet)","Kemiri"
15530,15530,"Kosambi","Sukadiri"
15530,15530,"Legok Sula Maju","Kemiri"
15530,15530,"Lontar","Kemiri"
15530,15530,"Marga Mulya","Mauk"
15530,15530,"Mauk Barat","Mauk"
15530,15530,"Mauk Timur","Mauk"
15530,15530,"Mekar Kondang","Sukadiri"
15530,15530,"Patra Manggala","Kemiri"
15530,15530,"Pekayon","Sukadiri"
15530,15530,"Ranca Labuh","Kemiri"
15530,15530,"Rawa Kidang","Sukadiri"
15530,15530,"Sasak","Mauk"
15530,15530,"Sukadiri","Sukadiri"
15530,15530,"Tanjung Anom","Mauk"
15530,15530,"Tegal Kunir Kidul","Mauk"
15530,15530,"Tegal Kunir Lor","Mauk"
15540,15540,"Badak Anom","Sindang Jaya"
15540,15540,"Daon","Rajeg"
15540,15540,"Jambu Karya","Rajeg"
15540,15540,"Lembang Sari","Rajeg"
15540,15540,"Mekarsari","Rajeg"
15540,15540,"Pangarengan","Rajeg"
15540,15540,"Rajeg","Rajeg"
15540,15540,"Rajegmulya","Rajeg"
15540,15540,"Ranca Bango","Rajeg"
15540,15540,"Suka Manah","Rajeg"
15540,15540,"Suka Sari","Rajeg"
15540,15540,"Suka Tani","Rajeg"
15540,15540,"Tanjakan","Rajeg"
15540,15540,"Tanjakan Mekar","Rajeg"
15550,15550,"Bakung","Kronjo"
15550,15550,"Blukbuk","Kronjo"
15550,15550,"Cijeruk","Mekar Baru"
15550,15550,"Cirumpak","Kronjo"
15550,15550,"Ganda Ria","Mekar Baru"
15550,15550,"Jenggot","Mekar Baru"
15550,15550,"Kedaung","Mekar Baru"
15550,15550,"Klutuk","Mekar Baru"
15550,15550,"Kosambi Dalam","Mekar Baru"
15550,15550,"Kronjo","Kronjo"
15550,15550,"Mekar Baru","Mekar Baru"
15550,15550,"Muncung","Kronjo"
15550,15550,"Pagedangan Ilir","Kronjo"
15550,15550,"Pagedangan Udik","Kronjo"
15550,15550,"Pagenjahan","Kronjo"
15550,15550,"Pasilian","Kronjo"
15550,15550,"Pasir","Kronjo"
15550,15550,"Waliwis","Mekar Baru"
15560,15560,"Gelam Jaya","Pasar Kemis"
15560,15560,"Kuta Baru","Pasar Kemis"
15560,15560,"Kuta Bumi","Pasar Kemis"
15560,15560,"Kuta Jaya","Pasar Kemis"
15560,15560,"Pangadegan","Pasar Kemis"
15560,15560,"Pasar Kemis","Pasar Kemis"
15560,15560,"Sindang Asih","Sindang Jaya"
15560,15560,"Sindang Jaya","Sindang Jaya"
15560,15560,"Sindang Panon","Sindang Jaya"
15560,15560,"Sindang Sari","Pasar Kemis"
15560,15560,"Sindang Sono","Sindang Jaya"
15560,15560,"Suka Harja","Sindang Jaya"
15560,15560,"Sukaasih","Pasar Kemis"
15560,15560,"Sukamantri","Pasar Kemis"
15560,15560,"Wana Kerta","Sindang Jaya"
15570,15570,"Buaran Bambu","Pakuhaji"
15570,15570,"Buaran Mangga","Pakuhaji"
15570,15570,"Bunisari (Bonasari)","Pakuhaji"
15570,15570,"Gaga","Pakuhaji"
15570,15570,"Kalibaru","Pakuhaji"
15570,15570,"Kiara Payung","Pakuhaji"
15570,15570,"Kohod","Pakuhaji"
15570,15570,"Kramat","Pakuhaji"
15570,15570,"Laksana","Pakuhaji"
15570,15570,"Paku Alam","Pakuhaji"
15570,15570,"Pakuhaji","Pakuhaji"
15570,15570,"Rawa Boni","Pakuhaji"
15570,15570,"Sukawali","Pakuhaji"
15570,15570,"Surya Bahari","Pakuhaji"
15610,15610,"Balaraja","Balaraja"
15610,15610,"Benda","Sukamulya"
15610,15610,"Bunar","Sukamulya"
15610,15610,"Buni Ayu","Sukamulya"
15610,15610,"Cangkudu","Balaraja"
15610,15610,"Cikande","Jayanti"
15610,15610,"Dang Deur","Jayanti"
15610,15610,"Gembong","Balaraja"
15610,15610,"Jayanti","Jayanti"
15610,15610,"Kali Asin","Sukamulya"
15610,15610,"Kubang","Sukamulya"
15610,15610,"Merak","Sukamulya"
15610,15610,"Pabuaran","Jayanti"
15610,15610,"Pangkat","Jayanti"
15610,15610,"Parahu","Sukamulya"
15610,15610,"Pasir Gintung","Jayanti"
15610,15610,"Pasir Muncang","Jayanti"
15610,15610,"Saga","Balaraja"
15610,15610,"Sentul","Balaraja"
15610,15610,"Sentul Jaya","Balaraja"
15610,15610,"Suka Mulya","Sukamulya"
15610,15610,"Suka Murni","Balaraja"
15610,15610,"Sumur Bandung","Jayanti"
15610,15610,"Talagasari","Balaraja"
15610,15610,"Tobat","Balaraja"
15620,15620,"Cibetok","Gunung Kaler"
15620,15620,"Cipaeh","Gunung Kaler"
15620,15620,"Gunung Kaler","Gunung Kaler"
15620,15620,"Jengkol","Kresek"
15620,15620,"Kanda Wati","Gunung Kaler"
15620,15620,"Kedung","Gunung Kaler"
15620,15620,"Kemuning","Kresek"
15620,15620,"Koper","Kresek"
15620,15620,"Kresek","Kresek"
15620,15620,"Onyam","Gunung Kaler"
15620,15620,"Pasir Ampo","Kresek"
15620,15620,"Patra Sana","Kresek"
15620,15620,"Ranca Gede","Gunung Kaler"
15620,15620,"Ranca Ilat","Kresek"
15620,15620,"Renged","Kresek"
15620,15620,"Sidoko","Gunung Kaler"
15620,15620,"Talok","Kresek"
15620,15620,"Tamiang","Gunung Kaler"
15710,15710,"Bitung Jaya","Cikupa"
15710,15710,"Bojong","Cikupa"
15710,15710,"Budi Mulya","Cikupa"
15710,15710,"Bunder","Cikupa"
15710,15710,"Ciakar","Panongan"
15710,15710,"Cibadak","Cikupa"
15710,15710,"Cikupa","Cikupa"
15710,15710,"Dukuh","Cikupa"
15710,15710,"Mekar Bakti","Panongan"
15710,15710,"Mekar Jaya","Panongan"
15710,15710,"Panongan","Panongan"
15710,15710,"Pasir Gadung","Cikupa"
15710,15710,"Pasir Jaya","Cikupa"
15710,15710,"Peusar","Panongan"
15710,15710,"Ranca Iyuh","Panongan"
15710,15710,"Ranca Kalapa","Panongan"
15710,15710,"Serdang Kulon","Panongan"
15710,15710,"Suka Damai","Cikupa"
15710,15710,"Suka Mulya","Cikupa"
15710,15710,"Suka Nagara","Cikupa"
15710,15710,"Talaga","Cikupa"
15710,15710,"Talaga Sari","Cikupa"
15720,15720,"Ancol Pasir","Jambe"
15720,15720,"Bantar Panjang","Tigaraksa"
15720,15720,"Cileles","Tigaraksa"
15720,15720,"Cisereh","Tigaraksa"
15720,15720,"Daru","Jambe"
15720,15720,"Jambe","Jambe"
15720,15720,"Kadu Agung","Tigaraksa"
15720,15720,"Kutruk","Jambe"
15720,15720,"Marga Sari","Tigaraksa"
15720,15720,"Mata Gara","Tigaraksa"
15720,15720,"Mekarsari","Jambe"
15720,15720,"Pasir Barat","Jambe"
15720,15720,"Pasir Bolang","Tigaraksa"
15720,15720,"Pasir Nangka","Tigaraksa"
15720,15720,"Pematang","Tigaraksa"
15720,15720,"Pete","Tigaraksa"
15720,15720,"Rancabuaya","Jambe"
15720,15720,"Sodong","Tigaraksa"
15720,15720,"Suka Manah","Jambe"
15720,15720,"Taban","Jambe"
15720,15720,"Tapos","Tigaraksa"
15720,15720,"Tegalsari","Tigaraksa"
15720,15720,"Tigaraksa","Tigaraksa"
15720,15720,"Tipar Jaya (Tiparraya)","Jambe"
15730,15730,"Bojongloa","Cisoka"
15730,15730,"Carenang","Cisoka"
15730,15730,"Caringin","Cisoka"
15730,15730,"Cempaka","Cisoka"
15730,15730,"Cibugel","Cisoka"
15730,15730,"Cikareo","Solear"
15730,15730,"Cikasungka","Solear"
15730,15730,"Cikuya","Solear"
15730,15730,"Cireundeu","Solear"
15730,15730,"Cisoka","Cisoka"
15730,15730,"Jeung Jing","Cisoka"
15730,15730,"Karangharja","Cisoka"
15730,15730,"Munjul","Solear"
15730,15730,"Pasanggrahan","Solear"
15730,15730,"Selapajang","Cisoka"
15730,15730,"Solear","Solear"
15730,15730,"Sukatani","Cisoka"
15810,15810,"Bencongan","Kelapa Dua"
15810,15810,"Bencongan Indah","Kelapa Dua"
15810,15810,"Binong","Curug"
15810,15810,"Bojong Nangka","Kelapa Dua"
15810,15810,"Cukang Galih","Curug"
15810,15810,"Curug Kulon","Curug"
15810,15810,"Curug Sangerang (Curug Sangereng)","Kelapa Dua"
15810,15810,"Curug Wetan","Curug"
15810,15810,"Kadu","Curug"
15810,15810,"Kadu Jaya","Curug"
15810,15810,"Kelapa Dua","Kelapa Dua"
15810,15810,"Pakulonan Barat","Kelapa Dua"
15810,15810,"Suka Bakti","Curug"
15820,15820,"Babakan","Legok"
15820,15820,"Babat","Legok"
15820,15820,"Bojong Kamal","Legok"
15820,15820,"Caringin","Legok"
15820,15820,"Ciangir","Legok"
15820,15820,"Cirarab","Legok"
15820,15820,"Kamuning (Kemuning)","Legok"
15820,15820,"Legok","Legok"
15820,15820,"Pala Sari","Legok"
15820,15820,"Rancagong","Legok"
15820,15820,"Serdang Wetan","Legok"
16110,16110,"Ciadeg","Cigombong"
16110,16110,"Ciburayut","Cigombong"
16110,16110,"Ciburuy","Cigombong"
16110,16110,"Cigombong","Cigombong"
16110,16110,"Cisalada","Cigombong"
16110,16110,"Srogol","Cigombong"
16110,16110,"Tugujaya","Cigombong"
16110,16110,"Watesjaya","Cigombong"
16111,16111,"Menteng","Bogor Barat - Kota"
16112,16112,"Cilendek Barat","Bogor Barat - Kota"
16112,16112,"Cilendek Timur","Bogor Barat - Kota"
16113,16113,"Curug","Bogor Barat - Kota"
16113,16113,"Curug Mekar","Bogor Barat - Kota"
16114,16114,"Semplak","Bogor Barat - Kota"
16115,16115,"Bubulak","Bogor Barat - Kota"
16115,16115,"Situ Gede","Bogor Barat - Kota"
16116,16116,"Balungbang Jaya","Bogor Barat - Kota"
16116,16116,"Margajaya","Bogor Barat - Kota"
16117,16117,"Loji","Bogor Barat - Kota"
16117,16117,"Sindangbarang","Bogor Barat - Kota"
16118,16118,"Gunungbatu","Bogor Barat - Kota"
16118,16118,"Pasir Mulya","Bogor Barat - Kota"
16119,16119,"Pasir Jaya","Bogor Barat - Kota"
16119,16119,"Pasir Jaya","Cigombong"
16119,16119,"Pasir Kuda","Bogor Barat - Kota"
16120,16120,"Babakan","Ciseeng"
16120,16120,"Cibentang","Ciseeng"
16120,16120,"Cibeuteung Muara","Ciseeng"
16120,16120,"Cibeuteung Udik","Ciseeng"
16120,16120,"Cihoe (Cihowe)","Ciseeng"
16120,16120,"Ciseeng","Ciseeng"
16120,16120,"Karihkil","Ciseeng"
16120,16120,"Kuripan","Ciseeng"
16120,16120,"Parigi Mekar","Ciseeng"
16120,16120,"Putat Nutug","Ciseeng"
16121,16121,"Pabaton","Bogor Tengah - Kota"
16122,16122,"Paledang","Bogor Tengah - Kota"
16123,16123,"Gudang","Bogor Tengah - Kota"
16124,16124,"Cibogor","Bogor Tengah - Kota"
16124,16124,"Ciwaringin","Bogor Tengah - Kota"
16125,16125,"Kebon Kelapa","Bogor Tengah - Kota"
16125,16125,"Panaragan","Bogor Tengah - Kota"
16126,16126,"Babakan Pasar","Bogor Tengah - Kota"
16128,16128,"Babakan","Bogor Tengah - Kota"
16129,16129,"Sempur","Bogor Tengah - Kota"
16129,16129,"Tegal Panjang","Bogor Tengah - Kota"
16131,16131,"Bondongan","Bogor Selatan - Kota"
16132,16132,"Cikaret","Bogor Selatan - Kota"
16132,16132,"Empang","Bogor Selatan - Kota"
16133,16133,"Batutulis","Bogor Selatan - Kota"
16133,16133,"Cipaku","Bogor Selatan - Kota"
16134,16134,"Lawang Gintung","Bogor Selatan - Kota"
16134,16134,"Pakuan","Bogor Selatan - Kota"
16135,16135,"Mulyaharja","Bogor Selatan - Kota"
16136,16136,"Pamoyanan","Bogor Selatan - Kota"
16136,16136,"Ranggamekar","Bogor Selatan - Kota"
16137,16137,"Genteng","Bogor Selatan - Kota"
16137,16137,"Muarasari","Bogor Selatan - Kota"
16138,16138,"Harjasari","Bogor Selatan - Kota"
16138,16138,"Kertamaya","Bogor Selatan - Kota"
16139,16139,"Bojongkerta","Bogor Selatan - Kota"
16139,16139,"Rancamaya","Bogor Selatan - Kota"
16141,16141,"Tajur","Bogor Timur - Kota"
16142,16142,"Sukasari","Bogor Timur - Kota"
16143,16143,"Baranangsiang","Bogor Timur - Kota"
16144,16144,"Katulampa","Bogor Timur - Kota"
16145,16145,"Sindangrasa","Bogor Timur - Kota"
16146,16146,"Sindangsari","Bogor Timur - Kota"
16151,16151,"Cibuluh","Bogor Utara - Kota"
16152,16152,"Tegal Gundil","Bogor Utara - Kota"
16153,16153,"Bantarjati","Bogor Utara - Kota"
16154,16154,"Tanah Baru","Bogor Utara - Kota"
16155,16155,"Cimahpar","Bogor Utara - Kota"
16156,16156,"Ciluar","Bogor Utara - Kota"
16157,16157,"Ciparigi","Bogor Utara - Kota"
16158,16158,"Kedunghalang","Bogor Utara - Kota"
16161,16161,"Tanah Sareal","Tanah Sereal"
16162,16162,"Kebon Pedes","Tanah Sereal"
16164,16164,"Kedung Badak","Tanah Sereal"
16164,16164,"Kedung Jaya","Tanah Sereal"
16164,16164,"Kedung Waringin","Tanah Sereal"
16165,16165,"Sukadamai","Tanah Sereal"
16165,16165,"Sukaresmi","Tanah Sereal"
16166,16166,"Cibadak","Tanah Sereal"
16167,16167,"Kencana","Tanah Sereal"
16168,16168,"Mekarwangi","Tanah Sereal"
16169,16169,"Kayumanis","Tanah Sereal"
16310,16310,"Atang Senjaya","Kemang"
16310,16310,"Bantarjaya","Ranca Bungur"
16310,16310,"Bantarsari","Ranca Bungur"
16310,16310,"Bojong","Kemang"
16310,16310,"Candali","Ranca Bungur"
16310,16310,"Jampang","Kemang"
16310,16310,"Kemang","Kemang"
16310,16310,"Mekarsari","Ranca Bungur"
16310,16310,"Pabuaran","Kemang"
16310,16310,"Parakan Jaya","Kemang"
16310,16310,"Pasirgaok","Ranca Bungur"
16310,16310,"Pondok Udik","Kemang"
16310,16310,"Rancabungur","Ranca Bungur"
16310,16310,"Semplak Barat","Kemang"
16310,16310,"Tegal","Kemang"
16320,16320,"Citayam","Tajurhalang"
16320,16320,"Kalisuren","Tajurhalang"
16320,16320,"Nanggerang","Tajurhalang"
16320,16320,"Sasak Panjang","Tajurhalang"
16320,16320,"Sukmajaya","Tajurhalang"
16320,16320,"Tajur Halang","Tajurhalang"
16320,16320,"Tonjong","Tajurhalang"
16330,16330,"Bojong Indah","Parung"
16330,16330,"Bojong Sempu","Parung"
16330,16330,"Cogreg","Parung"
16330,16330,"Iwul","Parung"
16330,16330,"Jabon Mekar","Parung"
16330,16330,"Pamagersari","Parung"
16330,16330,"Parung","Parung"
16330,16330,"Waru","Parung"
16330,16330,"Warujaya","Parung"
16340,16340,"Cibadung","Gunung Sindur"
16340,16340,"Cibinong","Gunung Sindur"
16340,16340,"Cidokom","Gunung Sindur"
16340,16340,"Curug","Gunung Sindur"
16340,16340,"Gunung Sindur","Gunung Sindur"
16340,16340,"Jampang","Gunung Sindur"
16340,16340,"Pabuaran","Gunung Sindur"
16340,16340,"Padurenan","Gunung Sindur"
16340,16340,"Pengasinan","Gunung Sindur"
16340,16340,"Rawakalong","Gunung Sindur"
16350,16350,"Cibodas","Rumpin"
16350,16350,"Cidokom","Rumpin"
16350,16350,"Cipinang","Rumpin"
16350,16350,"Gobang","Rumpin"
16350,16350,"Kampung Sawah","Rumpin"
16350,16350,"Kerta Jaya","Rumpin"
16350,16350,"Leuwibatu","Rumpin"
16350,16350,"Mekar Sari","Rumpin"
16350,16350,"Mekarjaya","Rumpin"
16350,16350,"Rabak","Rumpin"
16350,16350,"Rumpin","Rumpin"
16350,16350,"Sukamulya","Rumpin"
16350,16350,"Sukasari","Rumpin"
16350,16350,"Taman Sari","Rumpin"
16360,16360,"Cibunar","Parung Panjang"
16360,16360,"Cikuda","Parung Panjang"
16360,16360,"Dago","Parung Panjang"
16360,16360,"Gintung Cilejet","Parung Panjang"
16360,16360,"Gorowong","Parung Panjang"
16360,16360,"Jagabaya","Parung Panjang"
16360,16360,"Jagabita","Parung Panjang"
16360,16360,"Kabasiran","Parung Panjang"
16360,16360,"Lumpang","Parung Panjang"
16360,16360,"Parungpanjang","Parung Panjang"
16360,16360,"Pingku","Parung Panjang"
16370,16370,"Babakan","Tenjo"
16370,16370,"Batok","Tenjo"
16370,16370,"Bojong","Tenjo"
16370,16370,"Cibitung Tengah","Tenjolaya"
16370,16370,"Cilaku","Tenjo"
16370,16370,"Cinangneng","Tenjolaya"
16370,16370,"Ciomas","Tenjo"
16370,16370,"Gunung Malang","Tenjolaya"
16370,16370,"Singabangsa","Tenjo"
16370,16370,"Singabraja","Tenjo"
16370,16370,"Situ Daun","Tenjolaya"
16370,16370,"Tapos","Tenjo"
16370,16370,"Tapos 1","Tenjolaya"
16370,16370,"Tapos 2","Tenjolaya"
16370,16370,"Tenjo","Tenjo"
16411,16411,"Mekarjaya","Sukmajaya"
16412,16412,"Sukmajaya","Sukmajaya"
16412,16412,"Tirtajaya","Sukmajaya"
16413,16413,"Jatimulya","Cilodong"
16413,16413,"Kalimulya","Cilodong"
16414,16414,"Cilodong","Cilodong"
16414,16414,"Kalibaru","Cilodong"
16415,16415,"Sukamaju","Cilodong"
16416,16416,"Cisalak","Sukmajaya"
16417,16417,"Abadijaya","Sukmajaya"
16418,16418,"Baktijaya","Sukmajaya"
16421,16421,"Beji","Beji"
16422,16422,"Beji Timur","Beji"
16423,16423,"Kemiri Muka","Beji"
16424,16424,"Pondok Cina","Beji"
16425,16425,"Kukusan","Beji"
16426,16426,"Tanah Baru","Beji"
16431,16431,"Depok","Pancoran Mas"
16432,16432,"Depok Jaya","Pancoran Mas"
16433,16433,"Mampang","Pancoran Mas"
16434,16434,"Rangkapanjaya Baru","Pancoran Mas"
16435,16435,"Rangkapanjaya","Pancoran Mas"
16436,16436,"Bojong Pondok Terong","Cipayung"
16436,16436,"Pancoran Mas","Pancoran Mas"
16437,16437,"Cipayung","Cipayung"
16437,16437,"Cipayung Jaya","Cipayung"
16438,16438,"Pondokjaya","Cipayung"
16439,16439,"Ratu Jaya","Cipayung"
16451,16451,"Jatijajar","Tapos"
16451,16451,"Pasir Gunung Selatan","Cimanggis"
16451,16451,"Tugu","Cimanggis"
16452,16452,"Cisalak Pasar","Cimanggis"
16452,16452,"Mekarsari","Cimanggis"
16453,16453,"Curug","Cimanggis"
16454,16454,"Harjamukti","Cimanggis"
16454,16454,"Sukatani","Tapos"
16455,16455,"Sukamaju Baru","Tapos"
16456,16456,"Leuwinanggung","Tapos"
16457,16457,"Tapos","Tapos"
16458,16458,"Cilangkap","Tapos"
16459,16459,"Cimpaeun","Tapos"
16511,16511,"Sawangan (Lama)","Sawangan"
16511,16511,"Sawangan Baru","Sawangan"
16512,16512,"Gandul","Cinere"
16512,16512,"Grogol","Limo"
16512,16512,"Krukut","Limo"
16513,16513,"Pangkalan Jati","Cinere"
16513,16513,"Pangkalan Jati Baru","Cinere"
16514,16514,"Cinere","Cinere"
16515,16515,"Limo","Limo"
16515,16515,"Meruyung","Limo"
16516,16516,"Bojong Sari (Lama)","Bojongsari"
16516,16516,"Bojong Sari Baru","Bojongsari"
16516,16516,"Cinangka","Sawangan"
16516,16516,"Kedaung","Sawangan"
16517,16517,"Curug","Bojongsari"
16517,16517,"Pondok Petir","Bojongsari"
16517,16517,"Serua","Bojongsari"
16518,16518,"Duren Mekar","Bojongsari"
16518,16518,"Duren Seribu","Bojongsari"
16518,16518,"Pengasihan","Sawangan"
16519,16519,"Bedahan","Sawangan"
16519,16519,"Pasir Putih","Sawangan"
16610,16610,"Ciapus","Ciomas"
16610,16610,"Ciomas","Ciomas"
16610,16610,"Ciomas Rahayu","Ciomas"
16610,16610,"Kota Batu","Ciomas"
16610,16610,"Laladon","Ciomas"
16610,16610,"Mekarjaya","Ciomas"
16610,16610,"Padasuka","Ciomas"
16610,16610,"Pagelaran","Ciomas"
16610,16610,"Parakan","Ciomas"
16610,16610,"Pasireurih","Tamansari"
16610,16610,"Sirnagalih","Tamansari"
16610,16610,"Sukaharja","Ciomas"
16610,16610,"Sukajadi","Tamansari"
16610,16610,"Sukajaya","Tamansari"
16610,16610,"Sukaluyu","Tamansari"
16610,16610,"Sukamakmur","Ciomas"
16610,16610,"Sukamantri","Tamansari"
16610,16610,"Sukaresmi","Tamansari"
16610,16610,"Tamansari","Tamansari"
16620,16620,"Benteng","Ciampea"
16620,16620,"Bojong Jengkol","Ciampea"
16620,16620,"Bojong Rangkas","Ciampea"
16620,16620,"Ciampea","Ciampea"
16620,16620,"Ciampea Udik","Ciampea"
16620,16620,"Cibadak","Ciampea"
16620,16620,"Cibanteng","Ciampea"
16620,16620,"Cibuntu","Ciampea"
16620,16620,"Cicadas","Ciampea"
16620,16620,"Cihideung Ilir","Ciampea"
16620,16620,"Cihideung Udik","Ciampea"
16620,16620,"Cinangka","Ciampea"
16620,16620,"Tegal Waru","Ciampea"
16630,16630,"Cemplang","Cibungbulang"
16630,16630,"Ciaruteun Ilir","Cibungbulang"
16630,16630,"Ciaruteun Udik","Cibungbulang"
16630,16630,"Cibatok 1","Cibungbulang"
16630,16630,"Cibatok 2","Cibungbulang"
16630,16630,"Cijujung","Cibungbulang"
16630,16630,"Cimanggu 1","Cibungbulang"
16630,16630,"Cimanggu 2","Cibungbulang"
16630,16630,"Dukuh","Cibungbulang"
16630,16630,"Galuga","Cibungbulang"
16630,16630,"Girimulya","Cibungbulang"
16630,16630,"Leuweung Kolot","Cibungbulang"
16630,16630,"Situ Ilir","Cibungbulang"
16630,16630,"Situ Udik","Cibungbulang"
16630,16630,"Sukamaju","Cibungbulang"
16640,16640,"Babakan Sadeng","Leuwisadeng"
16640,16640,"Barengkok","Leuwiliang"
16640,16640,"Cibeber 1","Leuwiliang"
16640,16640,"Cibeber 2","Leuwiliang"
16640,16640,"Kalong 1","Leuwisadeng"
16640,16640,"Kalong 2","Leuwisadeng"
16640,16640,"Karacak","Leuwiliang"
16640,16640,"Karehkel","Leuwiliang"
16640,16640,"Karyasari","Leuwiliang"
16640,16640,"Leuwiliang","Leuwiliang"
16640,16640,"Leuwimekar","Leuwiliang"
16640,16640,"Leuwisadeng","Leuwisadeng"
16640,16640,"Pabangbon","Leuwiliang"
16640,16640,"Purasari","Leuwiliang"
16640,16640,"Puraseda","Leuwiliang"
16640,16640,"Sadeng","Leuwisadeng"
16640,16640,"Sadengkolot","Leuwisadeng"
16640,16640,"Sibanteng","Leuwisadeng"
16640,16640,"Wangun Jaya","Leuwisadeng"
16650,16650,"Bantar Karet","Nanggung"
16650,16650,"Cisarua","Nanggung"
16650,16650,"Curug Bitung","Nanggung"
16650,16650,"Hambaro","Nanggung"
16650,16650,"Kalong Liud","Nanggung"
16650,16650,"Malasari","Nanggung"
16650,16650,"Nanggung","Nanggung"
16650,16650,"Pangkal Jaya","Nanggung"
16650,16650,"Parakan Muncang","Nanggung"
16650,16650,"Sukaluyu","Nanggung"
16660,16660,"Argapura","Cigudeg"
16660,16660,"Bangunjaya","Cigudeg"
16660,16660,"Banyu Asih","Cigudeg"
16660,16660,"Banyu Resmi","Cigudeg"
16660,16660,"Banyu Wangi","Cigudeg"
16660,16660,"Batu Jajar","Cigudeg"
16660,16660,"Bunar","Cigudeg"
16660,16660,"Cigudeg","Cigudeg"
16660,16660,"Cileuksa","Sukajaya"
16660,16660,"Cintamanik","Cigudeg"
16660,16660,"Cisarua","Sukajaya"
16660,16660,"Harkatjaya","Sukajaya"
16660,16660,"Jayaraharja","Sukajaya"
16660,16660,"Kiara Pandak","Sukajaya"
16660,16660,"Kiarasari","Sukajaya"
16660,16660,"Mekarjaya","Cigudeg"
16660,16660,"Pasir Madang","Sukajaya"
16660,16660,"Rengasjajar","Cigudeg"
16660,16660,"Sipayung","Sukajaya"
16660,16660,"Sukajaya","Sukajaya"
16660,16660,"Sukamaju","Cigudeg"
16660,16660,"Sukamulih","Sukajaya"
16660,16660,"Sukaraksa","Cigudeg"
16660,16660,"Tegallega","Cigudeg"
16660,16660,"Urug","Sukajaya"
16660,16660,"Wargajaya","Cigudeg"
16670,16670,"Bagoang","Jasinga"
16670,16670,"Barengkok","Jasinga"
16670,16670,"Cikopomayak","Jasinga"
16670,16670,"Curug","Jasinga"
16670,16670,"Jasinga","Jasinga"
16670,16670,"Jugala Jaya","Jasinga"
16670,16670,"Kalongsawah","Jasinga"
16670,16670,"Koleang","Jasinga"
16670,16670,"Neglasari","Jasinga"
16670,16670,"Pamagersari","Jasinga"
16670,16670,"Pangaur","Jasinga"
16670,16670,"Pangradin","Jasinga"
16670,16670,"Setu","Jasinga"
16670,16670,"Sipak","Jasinga"
16670,16670,"Tegal Wangi","Jasinga"
16680,16680,"Babakan","Dramaga"
16680,16680,"Ciherang","Dramaga"
16680,16680,"Cikarawang","Dramaga"
16680,16680,"Dramaga","Dramaga"
16680,16680,"Neglasari","Dramaga"
16680,16680,"Petir","Dramaga"
16680,16680,"Purwasari","Dramaga"
16680,16680,"Sinar Sari","Dramaga"
16680,16680,"Sukadamai","Dramaga"
16680,16680,"Sukawening","Dramaga"
16710,16710,"Bantar Jati","Klapa Nunggal (Kelapa Nunggal)"
16710,16710,"Bojong","Klapa Nunggal (Kelapa Nunggal)"
16710,16710,"Cadas Ngampar","Sukaraja"
16710,16710,"Cibanon","Sukaraja"
16710,16710,"Cijujung","Sukaraja"
16710,16710,"Cikahuripan","Klapa Nunggal (Kelapa Nunggal)"
16710,16710,"Cikeas","Sukaraja"
16710,16710,"Cilebut Barat","Sukaraja"
16710,16710,"Cilebut Timur","Sukaraja"
16710,16710,"Cimandala","Sukaraja"
16710,16710,"Gunung Geulis","Sukaraja"
16710,16710,"Kembang Kuning","Klapa Nunggal (Kelapa Nunggal)"
16710,16710,"Klapanunggal","Klapa Nunggal (Kelapa Nunggal)"
16710,16710,"Leuwikaret","Klapa Nunggal (Kelapa Nunggal)"
16710,16710,"Ligarmukti","Klapa Nunggal (Kelapa Nunggal)"
16710,16710,"Lulut","Klapa Nunggal (Kelapa Nunggal)"
16710,16710,"Nagrak","Sukaraja"
16710,16710,"Nambo","Klapa Nunggal (Kelapa Nunggal)"
16710,16710,"Pasir Jambu","Sukaraja"
16710,16710,"Pasirlaja","Sukaraja"
16710,16710,"Sukaraja","Sukaraja"
16710,16710,"Sukatani","Sukaraja"
16720,16720,"Banjar Sari","Ciawi"
16720,16720,"Banjar Wangi","Ciawi"
16720,16720,"Banjar Waru","Ciawi"
16720,16720,"Bendungan","Ciawi"
16720,16720,"Bitung Sari","Ciawi"
16720,16720,"Bojong Murni","Ciawi"
16720,16720,"Ciawi","Ciawi"
16720,16720,"Cibedug","Ciawi"
16720,16720,"Cileungsi","Ciawi"
16720,16720,"Citapen","Ciawi"
16720,16720,"Jambu Luwuk","Ciawi"
16720,16720,"Pandansari","Ciawi"
16720,16720,"Teluk Pinang","Ciawi"
16730,16730,"Caringin","Caringin"
16730,16730,"Ciderum","Caringin"
16730,16730,"Ciherang Pondok","Caringin"
16730,16730,"Cimande","Caringin"
16730,16730,"Cimande Hilir","Caringin"
16730,16730,"Cinagara","Caringin"
16730,16730,"Lemah Duhur","Caringin"
16730,16730,"Muarajaya","Caringin"
16730,16730,"Pancawati","Caringin"
16730,16730,"Pasir Buncir","Caringin"
16730,16730,"Pasir Muncang","Caringin"
16730,16730,"Tangkil","Caringin"
16740,16740,"Cibalung","Cijeruk"
16740,16740,"Cijeruk","Cijeruk"
16740,16740,"Cipelang","Cijeruk"
16740,16740,"Cipicung","Cijeruk"
16740,16740,"Palasari","Cijeruk"
16740,16740,"Sukaharja","Cijeruk"
16740,16740,"Tajur Halang","Cijeruk"
16740,16740,"Tanjung Sari","Cijeruk"
16740,16740,"Warung Menteng","Cijeruk"
16750,16750,"Batu Layang","Cisarua"
16750,16750,"Cibeureum","Cisarua"
16750,16750,"Cilember","Cisarua"
16750,16750,"Cisarua","Cisarua"
16750,16750,"Citeko","Cisarua"
16750,16750,"Jogjogan","Cisarua"
16750,16750,"Kopo","Cisarua"
16750,16750,"Leuwimalang","Cisarua"
16750,16750,"Tugu Selatan","Cisarua"
16750,16750,"Tugu Utara","Cisarua"
16770,16770,"Cipayung (Cipayung Datar)","Megamendung"
16770,16770,"Cipayung Girang","Megamendung"
16770,16770,"Gadog","Megamendung"
16770,16770,"Kuta","Megamendung"
16770,16770,"Megamendung","Megamendung"
16770,16770,"Pasir Angin","Megamendung"
16770,16770,"Sukagalih","Megamendung"
16770,16770,"Sukakarya","Megamendung"
16770,16770,"Sukamahi","Megamendung"
16770,16770,"Sukamaju","Megamendung"
16770,16770,"Sukamanah","Megamendung"
16770,16770,"Sukaresmi","Megamendung"
16810,16810,"Babakan Madang","Babakan Madang"
16810,16810,"Bojong Koneng","Babakan Madang"
16810,16810,"Ciasihan","Pamijahan"
16810,16810,"Ciasmara","Pamijahan"
16810,16810,"Cibening","Pamijahan"
16810,16810,"Cibitung Kulon","Pamijahan"
16810,16810,"Cibitung Wetan","Pamijahan"
16810,16810,"Cibunian","Pamijahan"
16810,16810,"Cijayanti","Babakan Madang"
16810,16810,"Cimayang","Pamijahan"
16810,16810,"Cipambuan","Babakan Madang"
16810,16810,"Citaringgul","Babakan Madang"
16810,16810,"Citeureup","Citeureup"
16810,16810,"Gunung Bunder 1","Pamijahan"
16810,16810,"Gunung Bunder 2","Pamijahan"
16810,16810,"Gunung Menyan","Pamijahan"
16810,16810,"Gunung Picung","Pamijahan"
16810,16810,"Gunung Sari","Citeureup"
16810,16810,"Gunung Sari","Pamijahan"
16810,16810,"Hambalang","Citeureup"
16810,16810,"Kadumangu","Babakan Madang"
16810,16810,"Karang Asem Barat","Citeureup"
16810,16810,"Karang Asem Timur","Citeureup"
16810,16810,"Karang Tengah","Babakan Madang"
16810,16810,"Leuwinutug","Citeureup"
16810,16810,"Pamijahan","Pamijahan"
16810,16810,"Pasarean","Pamijahan"
16810,16810,"Pasir Mukti","Citeureup"
16810,16810,"Purwabakti","Pamijahan"
16810,16810,"Puspanegara","Citeureup"
16810,16810,"Puspasari","Citeureup"
16810,16810,"Sanja","Citeureup"
16810,16810,"Sentul","Babakan Madang"
16810,16810,"Sukahati","Citeureup"
16810,16810,"Sumur Batu","Babakan Madang"
16810,16810,"Tajur","Citeureup"
16810,16810,"Tangkil","Citeureup"
16810,16810,"Tarikolot","Citeureup"
16820,16820,"Cileungsi","Cileungsi"
16820,16820,"Cileungsi Kidul","Cileungsi"
16820,16820,"Cipenjo","Cileungsi"
16820,16820,"Cipeucang","Cileungsi"
16820,16820,"Dayeuh","Cileungsi"
16820,16820,"Gandoang","Cileungsi"
16820,16820,"Jatisari","Cileungsi"
16820,16820,"Limus Nunggal","Cileungsi"
16820,16820,"Mampir","Cileungsi"
16820,16820,"Mekarsari","Cileungsi"
16820,16820,"Pasir Angin","Cileungsi"
16820,16820,"Setu Sari","Cileungsi"
16830,16830,"Balekambang","Jonggol"
16830,16830,"Bendungan","Jonggol"
16830,16830,"Cibadak","Sukamakmur"
16830,16830,"Cibodas","Jonggol"
16830,16830,"Jonggol","Jonggol"
16830,16830,"Pabuaran","Sukamakmur"
16830,16830,"Singajaya","Jonggol"
16830,16830,"Singasari","Jonggol"
16830,16830,"Sirnagalih","Jonggol"
16830,16830,"Sirnajaya","Sukamakmur"
16830,16830,"Sukadamai","Sukamakmur"
16830,16830,"Sukagalih","Jonggol"
16830,16830,"Sukaharja","Sukamakmur"
16830,16830,"Sukajaya","Jonggol"
16830,16830,"Sukamaju","Jonggol"
16830,16830,"Sukamakmur","Sukamakmur"
16830,16830,"Sukamanah","Jonggol"
16830,16830,"Sukamulya","Sukamakmur"
16830,16830,"Sukanegara","Jonggol"
16830,16830,"Sukaresmi","Sukamakmur"
16830,16830,"Sukasirna","Jonggol"
16830,16830,"Sukawangi","Sukamakmur"
16830,16830,"Wargajaya","Sukamakmur"
16830,16830,"Weninggalih","Jonggol"
16840,16840,"Antajaya","Tanjungsari"
16840,16840,"Babakan Raden","Cariu"
16840,16840,"Bantar Kuning","Cariu"
16840,16840,"Buanajaya","Tanjungsari"
16840,16840,"Cariu","Cariu"
16840,16840,"Cibadak","Tanjungsari"
16840,16840,"Cibatu Tiga","Cariu"
16840,16840,"Cikutamahi","Cariu"
16840,16840,"Karya Mekar","Cariu"
16840,16840,"Kuta Mekar","Cariu"
16840,16840,"Mekarwangi","Cariu"
16840,16840,"Pasir Tanjung","Tanjungsari"
16840,16840,"Selawangi","Tanjungsari"
16840,16840,"Sirnarasa","Tanjungsari"
16840,16840,"Sirnasari","Tanjungsari"
16840,16840,"Sukajadi","Cariu"
16840,16840,"Sukarasa","Tanjungsari"
16840,16840,"Tanjungrasa","Tanjungsari"
16840,16840,"Tanjungsari","Tanjungsari"
16840,16840,"Tegal Panjang","Cariu"
16911,16911,"Cibinong","Cibinong"
16912,16912,"Nanggewer","Cibinong"
16912,16912,"Nanggewer Mekar","Cibinong"
16913,16913,"Karadenan","Cibinong"
16913,16913,"Sukahati","Cibinong"
16914,16914,"Harapan Jaya","Cibinong"
16914,16914,"Pondok Rajeg","Cibinong"
16914,16914,"Tengah","Cibinong"
16915,16915,"Pakansari","Cibinong"
16916,16916,"Pabuaran","Cibinong"
16917,16917,"Cirimekar","Cibinong"
16918,16918,"Ciriung","Cibinong"
16920,16920,"Bojong Baru","Bojonggede"
16920,16920,"Cimanggis","Bojonggede"
16920,16920,"Ragajaya","Bojonggede"
16920,16920,"Rawa Panjang","Bojonggede"
16920,16920,"Susukan","Bojonggede"
16920,16920,"Waringin Jaya","Bojonggede"
16921,16921,"Pabuaran","Bojonggede"
16922,16922,"Bojong Gede","Bojonggede"
16923,16923,"Kedung Waringin","Bojonggede"
16960,16960,"Karanggan","Gunung Putri"
16961,16961,"Gunung Putri","Gunung Putri"
16962,16962,"Tlajung Udik","Gunung Putri"
16963,16963,"Bojong Nangka","Gunung Putri"
16964,16964,"Cicadas","Gunung Putri"
16965,16965,"Wanaherang","Gunung Putri"
16966,16966,"Cikeas Udik","Gunung Putri"
16967,16967,"Nagrag","Gunung Putri"
16968,16968,"Ciangsana","Gunung Putri"
16969,16969,"Bojong Kulur","Gunung Putri"
17111,17111,"Aren Jaya","Bekasi Timur"
17111,17111,"Duren Jaya","Bekasi Timur"
17112,17112,"Bekasi Jaya","Bekasi Timur"
17113,17113,"Margahayu","Bekasi Timur"
17114,17114,"Sepanjang Jaya","Rawalumbu"
17115,17115,"Pengasinan","Rawalumbu"
17116,17116,"Bojong Rawalumbu","Rawalumbu"
17117,17117,"Bojong Menteng","Rawalumbu"
17121,17121,"Teluk Pucung","Bekasi Utara"
17122,17122,"Perwira","Bekasi Utara"
17123,17123,"Harapan Baru","Bekasi Utara"
17124,17124,"Harapan Jaya","Bekasi Utara"
17125,17125,"Kali Abang Tengah","Bekasi Utara"
17131,17131,"Pejuang","Medan Satria"
17132,17132,"Medan Satria","Medan Satria"
17133,17133,"Kali Baru","Medan Satria"
17133,17133,"Kota Baru","Bekasi Barat"
17134,17134,"Bintara","Bekasi Barat"
17135,17135,"Kranji","Bekasi Barat"
17136,17136,"Bintara Jaya","Bekasi Barat"
17141,17141,"Margajaya","Bekasi Selatan"
17142,17142,"Marga Mulya","Bekasi Utara"
17143,17143,"Harapan Mulya","Medan Satria"
17144,17144,"Kayuringin Jaya","Bekasi Selatan"
17145,17145,"Jaka Sampurna","Bekasi Barat"
17146,17146,"Jaka Mulya","Bekasi Selatan"
17147,17147,"Jaka Setia","Bekasi Selatan"
17148,17148,"Pekayon Jaya","Bekasi Selatan"
17151,17151,"Bantar Gebang","Bantar Gebang"
17152,17152,"Cikiwul","Bantar Gebang"
17153,17153,"Ciketing Udik","Bantar Gebang"
17154,17154,"Sumur Batu","Bantar Gebang"
17155,17155,"Cimuning","Mustika Jaya"
17156,17156,"Pedurenan (Padurenan)","Mustika Jaya"
17157,17157,"Mustika Sari","Mustika Jaya"
17158,17158,"Mustika Jaya","Mustika Jaya"
17211,17211,"Segara Makmur","Tarumajaya"
17212,17212,"Pantai Makmur","Tarumajaya"
17213,17213,"Setia Mulya","Tarumajaya"
17214,17214,"Pusaka Rakyat","Tarumajaya"
17215,17215,"Setia Asih","Tarumajaya"
17216,17216,"Pahlawan Setia","Tarumajaya"
17217,17217,"Samudra Jaya","Tarumajaya"
17218,17218,"Segara Jaya","Tarumajaya"
17320,17320,"Burangkeng","Setu"
17320,17320,"Cibening","Setu"
17320,17320,"Cijengkol","Setu"
17320,17320,"Cikarageman","Setu"
17320,17320,"Cileduk","Setu"
17320,17320,"Kertarahayu","Setu"
17320,17320,"Lubangbuaya","Setu"
17320,17320,"Muktijaya","Setu"
17320,17320,"Ragemanunggal","Setu"
17320,17320,"Taman Rahayu","Setu"
17320,17320,"Taman Sari","Setu"
17330,17330,"Cilangkara","Serang Baru"
17330,17330,"Jaya Sampurna","Serang Baru"
17330,17330,"Jayamulya","Serang Baru"
17330,17330,"Nagacipta","Serang Baru"
17330,17330,"Nagasari","Serang Baru"
17330,17330,"Sirnajaya","Serang Baru"
17330,17330,"Sukaragam","Serang Baru"
17330,17330,"Sukasari","Serang Baru"
17340,17340,"Cibarusahjaya","Cibarusah"
17340,17340,"Cibarusahkota","Cibarusah"
17340,17340,"Ridogalih","Cibarusah"
17340,17340,"Ridomanah","Cibarusah"
17340,17340,"Sindangmulya","Cibarusah"
17340,17340,"Sirnajati","Cibarusah"
17340,17340,"Wibawamulya","Cibarusah"
17350,17350,"Karangindah","Bojongmangu"
17350,17350,"Medalkrisna","Bojongmangu"
17350,17350,"Sukabungah","Bojongmangu"
17350,17350,"Sukamukti","Bojongmangu"
17352,17352,"Bojongmanggu","Bojongmangu"
17356,17356,"Karangmulya","Bojongmangu"
17411,17411,"Jaticempaka","Pondok Gede"
17411,17411,"Jatiwaringin","Pondok Gede"
17412,17412,"Jatibening","Pondok Gede"
17412,17412,"Jatibening Baru","Pondok Gede"
17413,17413,"Jatimakmur","Pondok Gede"
17414,17414,"Jati Rahayu","Pondok Melati"
17414,17414,"Jatimelati","Pondok Melati"
17415,17415,"Jatiwarna","Pondok Melati"
17421,17421,"Jatikramat","Jatiasih"
17422,17422,"Jati Mekar","Jatiasih"
17423,17423,"Jatiasih","Jatiasih"
17424,17424,"Jatirasa","Jatiasih"
17425,17425,"Jatiluhur","Jatiasih"
17426,17426,"Jatisari","Jatiasih"
17431,17431,"Jatimurni","Pondok Melati"
17432,17432,"Jatiranggon","Jati Sampurna"
17433,17433,"Jatiraden","Jati Sampurna"
17433,17433,"Jatisampurna","Jati Sampurna"
17434,17434,"Jatirangga","Jati Sampurna"
17435,17435,"Jatikarya","Jati Sampurna"
17510,17510,"Jalenjaya (Jejalenjaya)","Tambun Utara"
17510,17510,"Jatimulya","Tambun Selatan"
17510,17510,"Karangsatria","Tambun Utara"
17510,17510,"Lambangjaya","Tambun Selatan"
17510,17510,"Lambangsari","Tambun Selatan"
17510,17510,"Mangunjaya","Tambun Selatan"
17510,17510,"Mekarsari","Tambun Selatan"
17510,17510,"Satriajaya","Tambun Utara"
17510,17510,"Satriamekar","Tambun Utara"
17510,17510,"Setiadarma","Tambun Selatan"
17510,17510,"Setiamekar","Tambun Selatan"
17510,17510,"Sriamur","Tambun Utara"
17510,17510,"Srijaya","Tambun Utara"
17510,17510,"Srimahi","Tambun Utara"
17510,17510,"Srimukti","Tambun Utara"
17510,17510,"Sumber Jaya","Tambun Selatan"
17510,17510,"Tambun","Tambun Selatan"
17510,17510,"Tridaya Sakti","Tambun Selatan"
17520,17520,"Cibuntu","Cibitung"
17520,17520,"Kerta Mukti","Cibitung"
17520,17520,"Muktiwari","Cibitung"
17520,17520,"Sarimukti","Cibitung"
17520,17520,"Sukajaya","Cibitung"
17520,17520,"Wanajaya","Cibitung"
17520,17520,"Wanasari","Cibitung"
17530,17530,"Ciantra","Cikarang Selatan"
17530,17530,"Cibatu","Cikarang Selatan"
17530,17530,"Cicau","Cikarang Pusat"
17530,17530,"Cikarang Kota","Cikarang Utara"
17530,17530,"Cikedokan","Cikarang Barat"
17530,17530,"Cipayung","Cikarang Timur"
17530,17530,"Danau Indah","Cikarang Barat"
17530,17530,"Gandamekar","Cikarang Barat"
17530,17530,"Gandasari","Cikarang Barat"
17530,17530,"Harja Mekar","Cikarang Utara"
17530,17530,"Hegarmanah","Cikarang Timur"
17530,17530,"Hegarmukti","Cikarang Pusat"
17530,17530,"Jatibaru","Cikarang Timur"
17530,17530,"Jatireja","Cikarang Timur"
17530,17530,"Jatiwangi","Cikarang Barat"
17530,17530,"Jayamukti","Cikarang Pusat"
17530,17530,"Kali Jaya","Cikarang Barat"
17530,17530,"Karang Bahagia","Karangbahagia"
17530,17530,"Karang Baru","Cikarang Utara"
17530,17530,"Karang Rahayu","Karangbahagia"
17530,17530,"Karang Sentosa","Karangbahagia"
17530,17530,"Karang Setra","Karangbahagia"
17530,17530,"Karang Setu","Karangbahagia"
17530,17530,"Karanganyar","Karangbahagia"
17530,17530,"Karangasih","Cikarang Utara"
17530,17530,"Karangmukti","Karangbahagia"
17530,17530,"Karangraharja","Cikarang Utara"
17530,17530,"Karangsari","Cikarang Timur"
17530,17530,"Labansari","Cikarang Timur"
17530,17530,"Mekar Wangi","Cikarang Barat"
17530,17530,"Mekarmukti","Cikarang Utara"
17530,17530,"Pasir Gombong","Cikarang Utara"
17530,17530,"Pasirpanji","Cikarang Pusat"
17530,17530,"Pasirsari","Cikarang Selatan"
17530,17530,"Pasirtanjung","Cikarang Pusat"
17530,17530,"Serang","Cikarang Selatan"
17530,17530,"Sertajaya","Cikarang Timur"
17530,17530,"Simpangan","Cikarang Utara"
17530,17530,"Sukadami","Cikarang Selatan"
17530,17530,"Sukadanau","Cikarang Barat"
17530,17530,"Sukamahi","Cikarang Pusat"
17530,17530,"Sukaraya","Karangbahagia"
17530,17530,"Sukaresmi","Cikarang Selatan"
17530,17530,"Sukasejati","Cikarang Selatan"
17530,17530,"Tanjungbaru","Cikarang Timur"
17530,17530,"Tanjungsari","Cikarang Utara"
17530,17530,"Telaga Asih","Cikarang Barat"
17530,17530,"Telaga Murni","Cikarang Barat"
17530,17530,"Telajung","Cikarang Barat"
17530,17530,"Waluya","Cikarang Utara"
17530,17530,"Wangunharja","Cikarang Utara"
17540,17540,"Bojongsari","Kedung Waringin"
17540,17540,"Karang Harum","Kedung Waringin"
17540,17540,"Karang Mekar","Kedung Waringin"
17540,17540,"Karang Sambung","Kedung Waringin"
17540,17540,"Kedungwaringin","Kedung Waringin"
17540,17540,"Mekar Jaya","Kedung Waringin"
17540,17540,"Waringin Jaya","Kedung Waringin"
17610,17610,"Babelan Kota","Babelan"
17610,17610,"Bahagia","Babelan"
17610,17610,"Buni Bakti","Babelan"
17610,17610,"Hurip Jaya","Babelan"
17610,17610,"Kebalen","Babelan"
17610,17610,"Kedung Pengawas","Babelan"
17610,17610,"Kedungjaya","Babelan"
17610,17610,"Muara Bakti","Babelan"
17610,17610,"Pantai Hurip","Babelan"
17620,17620,"Sukabakti","Tambelang"
17620,17620,"Sukabudi","Sukawangi"
17620,17620,"Sukadaya","Sukawangi"
17620,17620,"Sukakerta","Sukawangi"
17620,17620,"Sukamaju","Tambelang"
17620,17620,"Sukamantri","Tambelang"
17620,17620,"Sukamekar","Sukawangi"
17620,17620,"Sukarahayu","Tambelang"
17620,17620,"Sukaraja","Tambelang"
17620,17620,"Sukarapih","Tambelang"
17620,17620,"Sukaringin","Sukawangi"
17620,17620,"Sukatenang","Sukawangi"
17620,17620,"Sukawangi","Sukawangi"
17620,17620,"Sukawijaya","Tambelang"
17630,17630,"Banjar Sari","Sukatani"
17630,17630,"Suka Asih","Sukatani"
17630,17630,"Sukadarma","Sukatani"
17630,17630,"Sukahurip","Sukatani"
17630,17630,"Sukaindah","Sukakarya"
17630,17630,"Sukajadi","Sukakarya"
17630,17630,"Sukakarya","Sukakarya"
17630,17630,"Sukakersa","Sukakarya"
17630,17630,"Sukalaksana","Sukakarya"
17630,17630,"Sukamakmur","Sukakarya"
17630,17630,"Sukamanah","Sukatani"
17630,17630,"Sukamulya","Sukatani"
17630,17630,"Sukamurni","Sukakarya"
17630,17630,"Sukarukun","Sukatani"
17710,17710,"Bantarjaya","Pebayuran"
17710,17710,"Bantarsari","Pebayuran"
17710,17710,"Karang Harja","Pebayuran"
17710,17710,"Karanghaur","Pebayuran"
17710,17710,"Karangjaya","Pebayuran"
17710,17710,"Karangpatri","Pebayuran"
17710,17710,"Karangreja","Pebayuran"
17710,17710,"Karangsegar","Pebayuran"
17710,17710,"Kertajaya","Pebayuran"
17710,17710,"Kertasari","Pebayuran"
17710,17710,"Sumberreja","Pebayuran"
17710,17710,"Sumbersari","Pebayuran"
17710,17710,"Sumberurip","Pebayuran"
17720,17720,"Jaya Bakti","Cabangbungin"
17720,17720,"Jaya Laksana","Cabangbungin"
17720,17720,"Lenggah Jaya","Cabangbungin"
17720,17720,"Lenggah Sari","Cabangbungin"
17720,17720,"Setia Jaya","Cabangbungin"
17720,17720,"Setialaksana","Cabangbungin"
17720,17720,"Sindang Jaya","Cabangbungin"
17720,17720,"Sindangsari","Cabangbungin"
17730,17730,"Jayasakti","Muara Gembong"
17730,17730,"Pantai Bahagia","Muara Gembong"
17730,17730,"Pantai Bakti","Muara Gembong"
17730,17730,"Pantai Harapan Jaya","Muara Gembong"
17730,17730,"Pantai Mekar","Muara Gembong"
17730,17730,"Pantai Sederhana","Muara Gembong"
