id,jenis,name,state_id
kota_1,Kota,Jakarta Pusat,DKI Jakarta
kota_2,Kota,Jakarta Barat,DKI Jakarta
kota_3,Kota,Jakarta Selatan,DKI Jakarta
kota_4,Kota,Jakarta Timur,DKI Jakarta
kota_5,Kota,Jakarta Utara,DKI Jakarta
kota_6,Kab.,Kepulauan Seribu,DKI Jakarta
kota_7,Kota,Tangerang,Banten
kota_8,Kab.,Tangerang,Banten
kota_9,Kota,Tangerang Selatan,Banten
kota_10,Kab.,Bogor,Jawa Barat
kota_11,Kota,Bogor,Jawa Barat
kota_12,Kota,Depok,Jawa Barat
kota_13,Kota,Bekasi,Jawa Barat
kota_14,Kab.,Bekasi,Jawa Barat
kota_15,Kota,Medan,Sumatera Utara
kota_16,Kab.,Deli Serdang,Sumatera Utara
kota_17,Kota,Tebing Tinggi,Sumatera Utara
kota_18,Kota,Binjai,Sumatera Utara
kota_19,Kab.,Langkat,Sumatera Utara
kota_20,Kab.,Serdang Bedagai,Sumatera Utara
kota_21,Kota,Pematang Siantar,Sumatera Utara
kota_22,Kab.,Simalungun,Sumatera Utara
kota_23,Kab.,Asahan,Sumatera Utara
kota_24,Kab.,Batu Bara,Sumatera Utara
kota_25,Kota,Tanjung Balai,Sumatera Utara
kota_26,Kab.,Labuhan Batu,Sumatera Utara
kota_27,Kab.,Labuhan Batu Utara,Sumatera Utara
kota_28,Kab.,Labuhan Batu Selatan,Sumatera Utara
kota_29,Kab.,Karo,Sumatera Utara
kota_30,Kab.,Dairi,Sumatera Utara
kota_31,Kab.,Pakpak Bharat,Sumatera Utara
kota_32,Kab.,Toba Samosir,Sumatera Utara
kota_33,Kab.,Samosir,Sumatera Utara
kota_34,Kab.,Tapanuli Utara,Sumatera Utara
kota_35,Kab.,Humbang Hasundutan,Sumatera Utara
kota_36,Kota,Sibolga,Sumatera Utara
kota_37,Kab.,Tapanuli Tengah,Sumatera Utara
kota_38,Kota,Padang Sidempuan,Sumatera Utara
kota_39,Kab.,Tapanuli Selatan,Sumatera Utara
kota_40,Kab.,Padang Lawas Utara,Sumatera Utara
kota_41,Kab.,Padang Lawas,Sumatera Utara
kota_42,Kota,Gunungsitoli,Sumatera Utara
kota_43,Kab.,Nias Barat,Sumatera Utara
kota_44,Kab.,Nias Utara,Sumatera Utara
kota_45,Kab.,Nias,Sumatera Utara
kota_46,Kab.,Nias Selatan,Sumatera Utara
kota_47,Kab.,Mandailing Natal,Sumatera Utara
kota_48,Kota,Banda Aceh,Nanggroe Aceh Darussalam (NAD)
kota_49,Kab.,Aceh Besar,Nanggroe Aceh Darussalam (NAD)
kota_50,Kota,Sabang,Nanggroe Aceh Darussalam (NAD)
kota_51,Kab.,Aceh Barat,Nanggroe Aceh Darussalam (NAD)
kota_52,Kab.,Aceh Jaya,Nanggroe Aceh Darussalam (NAD)
kota_53,Kab.,Nagan Raya,Nanggroe Aceh Darussalam (NAD)
kota_54,Kab.,Aceh Selatan,Nanggroe Aceh Darussalam (NAD)
kota_55,Kab.,Aceh Barat Daya,Nanggroe Aceh Darussalam (NAD)
kota_56,Kab.,Simeulue,Nanggroe Aceh Darussalam (NAD)
kota_57,Kab.,Pidie,Nanggroe Aceh Darussalam (NAD)
kota_58,Kab.,Pidie Jaya,Nanggroe Aceh Darussalam (NAD)
kota_59,Kab.,Bireuen,Nanggroe Aceh Darussalam (NAD)
kota_60,Kota,Lhokseumawe,Nanggroe Aceh Darussalam (NAD)
kota_61,Kab.,Aceh Utara,Nanggroe Aceh Darussalam (NAD)
kota_62,Kota,Langsa,Nanggroe Aceh Darussalam (NAD)
kota_63,Kab.,Aceh Timur,Nanggroe Aceh Darussalam (NAD)
kota_64,Kab.,Aceh Tamiang,Nanggroe Aceh Darussalam (NAD)
kota_65,Kab.,Aceh Tengah,Nanggroe Aceh Darussalam (NAD)
kota_66,Kab.,Bener Meriah,Nanggroe Aceh Darussalam (NAD)
kota_67,Kab.,Aceh Tenggara,Nanggroe Aceh Darussalam (NAD)
kota_68,Kab.,Gayo Lues,Nanggroe Aceh Darussalam (NAD)
kota_69,Kota,Subulussalam,Nanggroe Aceh Darussalam (NAD)
kota_70,Kab.,Aceh Singkil,Nanggroe Aceh Darussalam (NAD)
kota_71,Kota,Padang,Sumatera Barat
kota_72,Kab.,Kepulauan Mentawai,Sumatera Barat
kota_73,Kota,Pariaman,Sumatera Barat
kota_74,Kab.,Padang Pariaman,Sumatera Barat
kota_75,Kab.,Pesisir Selatan,Sumatera Barat
kota_76,Kota,Bukittinggi,Sumatera Barat
kota_77,Kab.,Agam,Sumatera Barat
kota_78,Kota,Payakumbuh,Sumatera Barat
kota_79,Kab.,Lima Puluh Koto/Kota,Sumatera Barat
kota_80,Kab.,Pasaman,Sumatera Barat
kota_81,Kab.,Pasaman Barat,Sumatera Barat
kota_82,Kota,Padang Panjang,Sumatera Barat
kota_83,Kab.,Tanah Datar,Sumatera Barat
kota_84,Kota,Solok,Sumatera Barat
kota_85,Kab.,Solok,Sumatera Barat
kota_86,Kota,Sawah Lunto,Sumatera Barat
kota_87,Kab.,Sijunjung (Sawah Lunto Sijunjung),Sumatera Barat
kota_88,Kab.,Dharmasraya,Sumatera Barat
kota_89,Kab.,Solok Selatan,Sumatera Barat
kota_90,Kota,Pekanbaru,Riau
kota_91,Kab.,Pelalawan,Riau
kota_92,Kab.,Kampar,Riau
kota_93,Kab.,Rokan Hulu,Riau
kota_94,Kab.,Siak,Riau
kota_95,Kab.,Bengkalis,Riau
kota_96,Kab.,Kepulauan Meranti,Riau
kota_97,Kota,Dumai,Riau
kota_98,Kab.,Rokan Hilir,Riau
kota_99,Kota,Tanjung Pinang,Kepulauan Riau
kota_100,Kab.,Bintan,Kepulauan Riau
kota_101,Kab.,Indragiri Hilir,Riau
kota_102,Kab.,Indragiri Hulu,Riau
kota_103,Kota,Batam,Kepulauan Riau
kota_104,Kab.,Kuantan Singingi,Riau
kota_105,Kab.,Karimun,Kepulauan Riau
kota_106,Kab.,Natuna,Kepulauan Riau
kota_107,Kab.,Kepulauan Anambas,Kepulauan Riau
kota_108,Kab.,Lingga,Kepulauan Riau
kota_109,Kota,Palembang,Sumatera Selatan
kota_110,Kab.,Ogan Komering Ilir,Sumatera Selatan
kota_111,Kab.,Ogan Ilir,Sumatera Selatan
kota_112,Kab.,Musi Banyuasin,Sumatera Selatan
kota_113,Kab.,Musi Rawas,Sumatera Selatan
kota_114,Kab.,Banyuasin,Sumatera Selatan
kota_115,Kota,Prabumulih,Sumatera Selatan
kota_116,Kab.,Muara Enim,Sumatera Selatan
kota_117,Kab.,Lahat,Sumatera Selatan
kota_118,Kab.,Empat Lawang,Sumatera Selatan
kota_119,Kota,Pagar Alam,Sumatera Selatan
kota_120,Kota,Lubuk Linggau,Sumatera Selatan
kota_121,Kab.,Ogan Komering Ulu,Sumatera Selatan
kota_122,Kab.,Ogan Komering Ulu Timur,Sumatera Selatan
kota_123,Kab.,Ogan Komering Ulu Selatan,Sumatera Selatan
kota_124,Kota,Pangkal Pinang,Bangka Belitung
kota_125,Kab.,Bangka,Bangka Belitung
kota_126,Kab.,Bangka Barat,Bangka Belitung
kota_127,Kab.,Belitung,Bangka Belitung
kota_128,Kab.,Belitung Timur,Bangka Belitung
kota_129,Kab.,Bangka Tengah,Bangka Belitung
kota_130,Kab.,Bangka Selatan,Bangka Belitung
kota_131,Kota,Metro,Lampung
kota_132,Kab.,Lampung Tengah,Lampung
kota_133,Kab.,Lampung Timur,Lampung
kota_134,Kab.,Tulang Bawang Barat,Lampung
kota_135,Kab.,Lampung Utara,Lampung
kota_136,Kab.,Tulang Bawang,Lampung
kota_137,Kab.,Mesuji,Lampung
kota_138,Kab.,Way Kanan,Lampung
kota_139,Kab.,Lampung Barat,Lampung
kota_140,Kab.,Pesisir Barat,Lampung
kota_141,Kota,Bandar Lampung,Lampung
kota_142,Kab.,Lampung Selatan,Lampung
kota_143,Kab.,Pesawaran,Lampung
kota_144,Kab.,Pringsewu,Lampung
kota_145,Kab.,Tanggamus,Lampung
kota_146,Kota,Jambi,Jambi
kota_147,Kab.,Muaro Jambi,Jambi
kota_148,Kab.,Tanjung Jabung Barat,Jambi
kota_149,Kab.,Tanjung Jabung Timur,Jambi
kota_150,Kab.,Batang Hari,Jambi
kota_151,Kota,Sungaipenuh,Jambi
kota_152,Kab.,Kerinci,Jambi
kota_153,Kab.,Bungo,Jambi
kota_154,Kab.,Tebo,Jambi
kota_155,Kab.,Merangin,Jambi
kota_156,Kab.,Sarolangun,Jambi
kota_157,Kota,Bengkulu,Bengkulu
kota_158,Kab.,Bengkulu Utara,Bengkulu
kota_159,Kab.,Bengkulu Tengah,Bengkulu
kota_160,Kab.,Bengkulu Selatan,Bengkulu
kota_161,Kab.,Muko Muko,Bengkulu
kota_162,Kab.,Seluma,Bengkulu
kota_163,Kab.,Kaur,Bengkulu
kota_164,Kab.,Rejang Lebong,Bengkulu
kota_165,Kab.,Lebong,Bengkulu
kota_166,Kab.,Kepahiang,Bengkulu
kota_167,Kota,Bandung,Jawa Barat
kota_168,Kab.,Bandung,Jawa Barat
kota_169,Kab.,Bandung Barat,Jawa Barat
kota_170,Kota,Cimahi,Jawa Barat
kota_171,Kab.,Purwakarta,Jawa Barat
kota_172,Kab.,Subang,Jawa Barat
kota_173,Kab.,Karawang,Jawa Barat
kota_174,Kota,Serang,Banten
kota_175,Kab.,Serang,Banten
kota_176,Kab.,Pandeglang,Banten
kota_177,Kab.,Lebak,Banten
kota_178,Kota,Cilegon,Banten
kota_179,Kota,Sukabumi,Jawa Barat
kota_180,Kab.,Sukabumi,Jawa Barat
kota_181,Kab.,Cianjur,Jawa Barat
kota_182,Kab.,Garut,Jawa Barat
kota_183,Kota,Cirebon,Jawa Barat
kota_184,Kab.,Cirebon,Jawa Barat
kota_185,Kab.,Indramayu,Jawa Barat
kota_186,Kab.,Sumedang,Jawa Barat
kota_187,Kab.,Majalengka,Jawa Barat
kota_188,Kab.,Kuningan,Jawa Barat
kota_189,Kota,Tasikmalaya,Jawa Barat
kota_190,Kab.,Tasikmalaya,Jawa Barat
kota_191,Kab.,Ciamis,Jawa Barat
kota_192,Kab.,Pangandaran,Jawa Barat
kota_193,Kota,Banjar,Jawa Barat
kota_194,Kota,Semarang,Jawa Tengah
kota_195,Kab.,Semarang,Jawa Tengah
kota_196,Kota,Salatiga,Jawa Tengah
kota_197,Kota,Pekalongan,Jawa Tengah
kota_198,Kab.,Pekalongan,Jawa Tengah
kota_199,Kab.,Batang,Jawa Tengah
kota_200,Kab.,Kendal,Jawa Tengah
kota_201,Kota,Tegal,Jawa Tengah
kota_202,Kab.,Tegal,Jawa Tengah
kota_203,Kab.,Brebes,Jawa Tengah
kota_204,Kab.,Pemalang,Jawa Tengah
kota_205,Kab.,Banyumas,Jawa Tengah
kota_206,Kab.,Cilacap,Jawa Tengah
kota_207,Kab.,Purbalingga,Jawa Tengah
kota_208,Kab.,Banjarnegara,Jawa Tengah
kota_209,Kab.,Purworejo,Jawa Tengah
kota_210,Kab.,Kebumen,Jawa Tengah
kota_211,Kota,Yogyakarta,DI Yogyakarta
kota_212,Kab.,Bantul,DI Yogyakarta
kota_213,Kab.,Sleman,DI Yogyakarta
kota_214,Kab.,Kulon Progo,DI Yogyakarta
kota_215,Kab.,Gunung Kidul,DI Yogyakarta
kota_216,Kota,Magelang,Jawa Tengah
kota_217,Kab.,Magelang,Jawa Tengah
kota_218,Kab.,Temanggung,Jawa Tengah
kota_219,Kab.,Wonosobo,Jawa Tengah
kota_220,Kota,Surakarta (Solo),Jawa Tengah
kota_221,Kab.,Sukoharjo,Jawa Tengah
kota_222,Kab.,Karanganyar,Jawa Tengah
kota_223,Kab.,Sragen,Jawa Tengah
kota_224,Kab.,Boyolali,Jawa Tengah
kota_225,Kab.,Klaten,Jawa Tengah
kota_226,Kab.,Wonogiri,Jawa Tengah
kota_227,Kab.,Grobogan,Jawa Tengah
kota_228,Kab.,Blora,Jawa Tengah
kota_229,Kab.,Pati,Jawa Tengah
kota_230,Kab.,Rembang,Jawa Tengah
kota_231,Kab.,Kudus,Jawa Tengah
kota_232,Kab.,Jepara,Jawa Tengah
kota_233,Kab.,Demak,Jawa Tengah
kota_234,Kota,Surabaya,Jawa Timur
kota_235,Kab.,Gresik,Jawa Timur
kota_236,Kab.,Sidoarjo,Jawa Timur
kota_237,Kota,Mojokerto,Jawa Timur
kota_238,Kab.,Mojokerto,Jawa Timur
kota_239,Kab.,Jombang,Jawa Timur
kota_240,Kab.,Bojonegoro,Jawa Timur
kota_241,Kab.,Lamongan,Jawa Timur
kota_242,Kab.,Tuban,Jawa Timur
kota_243,Kota,Madiun,Jawa Timur
kota_244,Kab.,Madiun,Jawa Timur
kota_245,Kab.,Magetan,Jawa Timur
kota_246,Kab.,Ngawi,Jawa Timur
kota_247,Kab.,Ponorogo,Jawa Timur
kota_248,Kab.,Pacitan,Jawa Timur
kota_249,Kota,Kediri,Jawa Timur
kota_250,Kab.,Kediri,Jawa Timur
kota_251,Kab.,Nganjuk,Jawa Timur
kota_252,Kota,Malang,Jawa Timur
kota_253,Kab.,Malang,Jawa Timur
kota_254,Kota,Batu,Jawa Timur
kota_255,Kota,Blitar,Jawa Timur
kota_256,Kab.,Blitar,Jawa Timur
kota_257,Kab.,Tulungagung,Jawa Timur
kota_258,Kab.,Trenggalek,Jawa Timur
kota_259,Kota,Pasuruan,Jawa Timur
kota_260,Kab.,Pasuruan,Jawa Timur
kota_261,Kota,Probolinggo,Jawa Timur
kota_262,Kab.,Probolinggo,Jawa Timur
kota_263,Kab.,Lumajang,Jawa Timur
kota_264,Kab.,Jember,Jawa Timur
kota_265,Kab.,Bondowoso,Jawa Timur
kota_266,Kab.,Situbondo,Jawa Timur
kota_267,Kab.,Banyuwangi,Jawa Timur
kota_268,Kab.,Bangkalan,Jawa Timur
kota_269,Kab.,Sampang,Jawa Timur
kota_270,Kab.,Pamekasan,Jawa Timur
kota_271,Kab.,Sumenep,Jawa Timur
kota_272,Kota,Banjarmasin,Kalimantan Selatan
kota_273,Kab.,Barito Kuala,Kalimantan Selatan
kota_274,Kab.,Banjar,Kalimantan Selatan
kota_275,Kota,Banjarbaru,Kalimantan Selatan
kota_276,Kab.,Tanah Laut,Kalimantan Selatan
kota_277,Kab.,Tapin,Kalimantan Selatan
kota_278,Kab.,Hulu Sungai Selatan,Kalimantan Selatan
kota_279,Kab.,Hulu Sungai Tengah,Kalimantan Selatan
kota_280,Kab.,Hulu Sungai Utara,Kalimantan Selatan
kota_281,Kab.,Tabalong,Kalimantan Selatan
kota_282,Kab.,Balangan,Kalimantan Selatan
kota_283,Kab.,Kotabaru,Kalimantan Selatan
kota_284,Kab.,Tanah Bumbu,Kalimantan Selatan
kota_285,Kota,Palangka Raya,Kalimantan Tengah
kota_286,Kab.,Kapuas,Kalimantan Tengah
kota_287,Kab.,Barito Timur,Kalimantan Tengah
kota_288,Kab.,Barito Selatan,Kalimantan Tengah
kota_289,Kab.,Barito Utara,Kalimantan Tengah
kota_290,Kab.,Murung Raya,Kalimantan Tengah
kota_291,Kab.,Kotawaringin Barat,Kalimantan Tengah
kota_292,Kab.,Lamandau,Kalimantan Tengah
kota_293,Kab.,Sukamara,Kalimantan Tengah
kota_294,Kab.,Seruyan,Kalimantan Tengah
kota_295,Kab.,Kotawaringin Timur,Kalimantan Tengah
kota_296,Kab.,Katingan,Kalimantan Tengah
kota_297,Kab.,Gunung Mas,Kalimantan Tengah
kota_298,Kab.,Pulang Pisau,Kalimantan Tengah
kota_299,Kota,Samarinda,Kalimantan Timur
kota_300,Kab.,Kutai Kartanegara,Kalimantan Timur
kota_301,Kota,Bontang,Kalimantan Timur
kota_302,Kab.,Kutai Timur,Kalimantan Timur
kota_303,Kab.,Kutai Barat,Kalimantan Timur
kota_304,Kota,Balikpapan,Kalimantan Timur
kota_305,Kab.,Penajam Paser Utara,Kalimantan Timur
kota_306,Kab.,Paser,Kalimantan Timur
kota_307,Kota,Tarakan,Kalimantan Utara
kota_308,Kab.,Tana Tidung,Kalimantan Utara
kota_309,Kab.,Malinau,Kalimantan Utara
kota_310,Kab.,Bulungan (Bulongan),Kalimantan Utara
kota_311,Kab.,Berau,Kalimantan Timur
kota_312,Kab.,Nunukan,Kalimantan Utara
kota_313,Kota,Pontianak,Kalimantan Barat
kota_314,Kab.,Kubu Raya,Kalimantan Barat
kota_315,Kab.,Pontianak,Kalimantan Barat
kota_316,Kab.,Sanggau,Kalimantan Barat
kota_317,Kab.,Sintang,Kalimantan Barat
kota_318,Kab.,Kapuas Hulu,Kalimantan Barat
kota_319,Kab.,Ketapang,Kalimantan Barat
kota_320,Kab.,Kayong Utara,Kalimantan Barat
kota_321,Kota,Singkawang,Kalimantan Barat
kota_322,Kab.,Sambas,Kalimantan Barat
kota_323,Kab.,Bengkayang,Kalimantan Barat
kota_324,Kab.,Landak,Kalimantan Barat
kota_325,Kab.,Sekadau,Kalimantan Barat
kota_326,Kab.,Melawi,Kalimantan Barat
kota_327,Kota,Denpasar,Bali
kota_328,Kab.,Badung,Bali
kota_329,Kab.,Gianyar,Bali
kota_330,Kab.,Bangli,Bali
kota_331,Kab.,Klungkung,Bali
kota_332,Kab.,Karangasem,Bali
kota_333,Kab.,Buleleng,Bali
kota_334,Kab.,Tabanan,Bali
kota_335,Kab.,Jembrana,Bali
kota_336,Kota,Mataram,Nusa Tenggara Barat (NTB)
kota_337,Kab.,Lombok Barat,Nusa Tenggara Barat (NTB)
kota_338,Kab.,Lombok Utara,Nusa Tenggara Barat (NTB)
kota_339,Kab.,Lombok Tengah,Nusa Tenggara Barat (NTB)
kota_340,Kab.,Lombok Timur,Nusa Tenggara Barat (NTB)
kota_341,Kab.,Bima,Nusa Tenggara Barat (NTB)
kota_342,Kota,Bima,Nusa Tenggara Barat (NTB)
kota_343,Kab.,Dompu,Nusa Tenggara Barat (NTB)
kota_344,Kab.,Sumbawa,Nusa Tenggara Barat (NTB)
kota_345,Kab.,Sumbawa Barat,Nusa Tenggara Barat (NTB)
kota_346,Kota,Kupang,Nusa Tenggara Timur (NTT)
kota_347,Kab.,Kupang,Nusa Tenggara Timur (NTT)
kota_348,Kab.,Sabu Raijua,Nusa Tenggara Timur (NTT)
kota_349,Kab.,Timor Tengah Selatan,Nusa Tenggara Timur (NTT)
kota_350,Kab.,Timor Tengah Utara,Nusa Tenggara Timur (NTT)
kota_351,Kab.,Belu,Nusa Tenggara Timur (NTT)
kota_352,Kab.,Alor,Nusa Tenggara Timur (NTT)
kota_353,Kab.,Rote Ndao,Nusa Tenggara Timur (NTT)
kota_354,Kab.,Sikka,Nusa Tenggara Timur (NTT)
kota_355,Kab.,Ende,Nusa Tenggara Timur (NTT)
kota_356,Kab.,Flores Timur,Nusa Tenggara Timur (NTT)
kota_357,Kab.,Ngada,Nusa Tenggara Timur (NTT)
kota_358,Kab.,Nagekeo,Nusa Tenggara Timur (NTT)
kota_359,Kab.,Manggarai,Nusa Tenggara Timur (NTT)
kota_360,Kab.,Manggarai Timur,Nusa Tenggara Timur (NTT)
kota_361,Kab.,Lembata,Nusa Tenggara Timur (NTT)
kota_362,Kab.,Manggarai Barat,Nusa Tenggara Timur (NTT)
kota_363,Kab.,Sumba Timur,Nusa Tenggara Timur (NTT)
kota_364,Kab.,Sumba Barat,Nusa Tenggara Timur (NTT)
kota_365,Kab.,Sumba Barat Daya,Nusa Tenggara Timur (NTT)
kota_366,Kab.,Sumba Tengah,Nusa Tenggara Timur (NTT)
kota_367,Kota,Makassar,Sulawesi Selatan
kota_368,Kab.,Gowa,Sulawesi Selatan
kota_369,Kab.,Bone,Sulawesi Selatan
kota_370,Kab.,Maros,Sulawesi Selatan
kota_371,Kab.,Pangkajene Kepulauan,Sulawesi Selatan
kota_372,Kab.,Barru,Sulawesi Selatan
kota_373,Kab.,Soppeng,Sulawesi Selatan
kota_374,Kab.,Wajo,Sulawesi Selatan
kota_375,Kota,Parepare,Sulawesi Selatan
kota_376,Kab.,Pinrang,Sulawesi Selatan
kota_377,Kab.,Polewali Mandar,Sulawesi Barat
kota_378,Kab.,Mamuju,Sulawesi Barat
kota_379,Kab.,Mamasa,Sulawesi Barat
kota_380,Kab.,Majene,Sulawesi Barat
kota_381,Kab.,Mamuju Utara,Sulawesi Barat
kota_382,Kab.,Sidenreng Rappang/Rapang,Sulawesi Selatan
kota_383,Kab.,Sinjai,Sulawesi Selatan
kota_384,Kab.,Enrekang,Sulawesi Selatan
kota_385,Kab.,Tana Toraja,Sulawesi Selatan
kota_386,Kab.,Toraja Utara,Sulawesi Selatan
kota_387,Kab.,Luwu Utara,Sulawesi Selatan
kota_388,Kota,Palopo,Sulawesi Selatan
kota_389,Kab.,Luwu,Sulawesi Selatan
kota_390,Kab.,Luwu Timur,Sulawesi Selatan
kota_391,Kab.,Takalar,Sulawesi Selatan
kota_392,Kab.,Jeneponto,Sulawesi Selatan
kota_393,Kab.,Bantaeng,Sulawesi Selatan
kota_394,Kab.,Bulukumba,Sulawesi Selatan