"id","name","kota_id"
"kec_1","Gambir","Jakarta Pusat"
"kec_2","Tanah Abang","Jakarta Pusat"
"kec_3","Menteng","Jakarta Pusat"
"kec_4","Senen","Jakarta Pusat"
"kec_5","Cempaka Putih","Jakarta Pusat"
"kec_6","Johar Baru","Jakarta Pusat"
"kec_7","Kemayoran","Jakarta Pusat"
"kec_8","Sawah Besar","Jakarta Pusat"
"kec_9","Taman Sari","Jakarta Barat"
"kec_10","Tambora","Jakarta Barat"
"kec_11","Palmerah","Jakarta Barat"
"kec_12","Grogol Petamburan","Jakarta Barat"
"kec_13","Kebon Jeruk","Jakarta Barat"
"kec_14","Kembangan","Jakarta Barat"
"kec_15","Cengkareng","Jakarta Barat"
"kec_16","Kalideres","Jakarta Barat"
"kec_17","Kebayoran Baru","Jakarta Selatan"
"kec_18","Kebayoran Lama","Jakarta Selatan"
"kec_19","Pesanggrahan","Jakarta Selatan"
"kec_20","Cilandak","Jakarta Selatan"
"kec_21","Pasar Minggu","Jakarta Selatan"
"kec_22","Jagakarsa","Jakarta Selatan"
"kec_23","Mampang Prapatan","Jakarta Selatan"
"kec_24","Pancoran","Jakarta Selatan"
"kec_25","Tebet","Jakarta Selatan"
"kec_26","Setia Budi","Jakarta Selatan"
"kec_27","Matraman","Jakarta Timur"
"kec_28","Pulo Gadung","Jakarta Timur"
"kec_29","Jatinegara","Jakarta Timur"
"kec_30","Duren Sawit","Jakarta Timur"
"kec_31","Kramat Jati","Jakarta Timur"
"kec_32","Makasar","Jakarta Timur"
"kec_33","Pasar Rebo","Jakarta Timur"
"kec_34","Ciracas","Jakarta Timur"
"kec_35","Cipayung","Jakarta Timur"
"kec_36","Cakung","Jakarta Timur"
"kec_37","Cilincing","Jakarta Utara"
"kec_38","Koja","Jakarta Utara"
"kec_39","Kelapa Gading","Jakarta Utara"
"kec_40","Tanjung Priok","Jakarta Utara"
"kec_41","Pademangan","Jakarta Utara"
"kec_42","Penjaringan","Jakarta Utara"
"kec_43","Kepulauan Seribu Selatan","Kepulauan Seribu"
"kec_44","Kepulauan Seribu Utara","Kepulauan Seribu"
"kec_45","Tangerang","Tangerang"
"kec_46","Karawaci","Tangerang"
"kec_47","Batuceper","Tangerang"
"kec_48","Neglasari","Tangerang"
"kec_49","Benda","Tangerang"
"kec_50","Periuk","Tangerang"
"kec_51","Jatiuwung","Tangerang"
"kec_52","Cibodas","Tangerang"
"kec_53","Cipondoh","Tangerang"
"kec_54","Pinang (Penang)","Tangerang"
"kec_55","Ciledug","Tangerang"
"kec_56","Larangan","Tangerang"
"kec_57","Karang Tengah","Tangerang"
"kec_58","Pagedangan","Tangerang"
"kec_59","Kosambi","Tangerang"
"kec_60","Pondok Aren","Tangerang Selatan"
"kec_61","Serpong","Tangerang Selatan"
"kec_62","Setu","Tangerang Selatan"
"kec_63","Serpong Utara","Tangerang Selatan"
"kec_64","Cisauk","Tangerang"
"kec_65","Ciputat","Tangerang Selatan"
"kec_66","Ciputat Timur","Tangerang Selatan"
"kec_67","Pamulang","Tangerang Selatan"
"kec_68","Teluknaga","Tangerang"
"kec_69","Sepatan Timur","Tangerang"
"kec_70","Sepatan","Tangerang"
"kec_71","Mauk","Tangerang"
"kec_72","Sukadiri","Tangerang"
"kec_73","Kemiri","Tangerang"
"kec_74","Sindang Jaya","Tangerang"
"kec_75","Rajeg","Tangerang"
"kec_76","Kronjo","Tangerang"
"kec_77","Mekar Baru","Tangerang"
"kec_78","Pasar Kemis","Tangerang"
"kec_79","Pakuhaji","Tangerang"
"kec_80","Balaraja","Tangerang"
"kec_81","Sukamulya","Tangerang"
"kec_82","Jayanti","Tangerang"
"kec_83","Gunung Kaler","Tangerang"
"kec_84","Kresek","Tangerang"
"kec_85","Cikupa","Tangerang"
"kec_86","Panongan","Tangerang"
"kec_87","Jambe","Tangerang"
"kec_88","Tigaraksa","Tangerang"
"kec_89","Cisoka","Tangerang"
"kec_90","Solear","Tangerang"
"kec_91","Kelapa Dua","Tangerang"
"kec_92","Curug","Tangerang"
"kec_93","Legok","Tangerang"
"kec_94","Cigombong","Bogor"
"kec_95","Bogor Barat - Kota","Bogor"
"kec_96","Ciseeng","Bogor"
"kec_97","Bogor Tengah - Kota","Bogor"
"kec_98","Bogor Selatan - Kota","Bogor"
"kec_99","Bogor Timur - Kota","Bogor"
"kec_100","Bogor Utara - Kota","Bogor"
"kec_101","Tanah Sereal","Bogor"
"kec_102","Kemang","Bogor"
"kec_103","Ranca Bungur","Bogor"
"kec_104","Tajurhalang","Bogor"
"kec_105","Parung","Bogor"
"kec_106","Gunung Sindur","Bogor"
"kec_107","Rumpin","Bogor"
"kec_108","Parung Panjang","Bogor"
"kec_109","Tenjo","Bogor"
"kec_110","Tenjolaya","Bogor"
"kec_111","Sukmajaya","Depok"
"kec_112","Cilodong","Depok"
"kec_113","Beji","Depok"
"kec_114","Pancoran Mas","Depok"
"kec_115","Cipayung","Depok"
"kec_116","Tapos","Depok"
"kec_117","Cimanggis","Depok"
"kec_118","Sawangan","Depok"
"kec_119","Cinere","Depok"
"kec_120","Limo","Depok"
"kec_121","Bojongsari","Depok"
"kec_122","Ciomas","Bogor"
"kec_123","Tamansari","Bogor"
"kec_124","Ciampea","Bogor"
"kec_125","Cibungbulang","Bogor"
"kec_126","Leuwisadeng","Bogor"
"kec_127","Leuwiliang","Bogor"
"kec_128","Nanggung","Bogor"
"kec_129","Cigudeg","Bogor"
"kec_130","Sukajaya","Bogor"
"kec_131","Jasinga","Bogor"
"kec_132","Dramaga","Bogor"
"kec_133","Klapa Nunggal (Kelapa Nunggal)","Bogor"
"kec_134","Sukaraja","Bogor"
"kec_135","Ciawi","Bogor"
"kec_136","Caringin","Bogor"
"kec_137","Cijeruk","Bogor"
"kec_138","Cisarua","Bogor"
"kec_139","Megamendung","Bogor"
"kec_140","Babakan Madang","Bogor"
"kec_141","Pamijahan","Bogor"
"kec_142","Citeureup","Bogor"
"kec_143","Cileungsi","Bogor"
"kec_144","Jonggol","Bogor"
"kec_145","Sukamakmur","Bogor"
"kec_146","Tanjungsari","Bogor"
"kec_147","Cariu","Bogor"
"kec_148","Cibinong","Bogor"
"kec_149","Bojonggede","Bogor"
"kec_150","Gunung Putri","Bogor"
"kec_151","Bekasi Timur","Bekasi"
"kec_152","Rawalumbu","Bekasi"
"kec_153","Bekasi Utara","Bekasi"
"kec_154","Medan Satria","Bekasi"
"kec_155","Bekasi Barat","Bekasi"
"kec_156","Bekasi Selatan","Bekasi"
"kec_157","Bantar Gebang","Bekasi"
"kec_158","Mustika Jaya","Bekasi"
"kec_159","Tarumajaya","Bekasi"
"kec_160","Setu","Bekasi"
"kec_161","Serang Baru","Bekasi"
"kec_162","Cibarusah","Bekasi"
"kec_163","Bojongmangu","Bekasi"
"kec_164","Pondok Gede","Bekasi"
"kec_165","Pondok Melati","Bekasi"
"kec_166","Jatiasih","Bekasi"
"kec_167","Jati Sampurna","Bekasi"
"kec_168","Tambun Utara","Bekasi"
"kec_169","Tambun Selatan","Bekasi"
"kec_170","Cibitung","Bekasi"
"kec_171","Cikarang Selatan","Bekasi"
"kec_172","Cikarang Pusat","Bekasi"
"kec_173","Cikarang Utara","Bekasi"
"kec_174","Cikarang Barat","Bekasi"
"kec_175","Cikarang Timur","Bekasi"
"kec_176","Karangbahagia","Bekasi"
"kec_177","Kedung Waringin","Bekasi"
"kec_178","Babelan","Bekasi"
"kec_179","Tambelang","Bekasi"
"kec_180","Sukawangi","Bekasi"
"kec_181","Sukatani","Bekasi"
"kec_182","Sukakarya","Bekasi"
"kec_183","Pebayuran","Bekasi"
"kec_184","Cabangbungin","Bekasi"
"kec_185","Muara Gembong","Bekasi"
"kec_186","Medan Barat","Medan"
"kec_187","Medan Petisah","Medan"
"kec_188","Medan Sunggal","Medan"
"kec_189","Medan Helvetia","Medan"
"kec_190","Medan Selayang","Medan"
"kec_191","Medan Tuntungan","Medan"
"kec_192","Medan Johor","Medan"
"kec_193","Medan Amplas","Medan"
"kec_194","Medan Maimun","Medan"
"kec_195","Medan Polonia","Medan"
"kec_196","Medan Baru","Medan"
"kec_197","Medan Kota","Medan"
"kec_198","Medan Area","Medan"
"kec_199","Medan Tembung","Medan"
"kec_200","Medan Denai","Medan"
"kec_201","Medan Timur","Medan"
"kec_202","Medan Perjuangan","Medan"
"kec_203","Medan Deli","Medan"
"kec_204","Medan Marelan","Medan"
"kec_205","Medan Labuhan","Medan"
"kec_2082","Sumur Bandung","Bandung"
"kec_2083","Bandung Wetan","Bandung"
"kec_2084","Cibeunying Kidul","Bandung"
"kec_2085","Cibeunying Kaler","Bandung"
"kec_2086","Coblong","Bandung"
"kec_2087","Cidadap","Bandung"
"kec_2088","Sukasari","Bandung"
"kec_2089","Sukajadi","Bandung"
"kec_2090","Cicendo","Bandung"
"kec_2091","Andir","Bandung"
"kec_2092","Cimeunyan","Bandung"
"kec_2093","Mandalajati","Bandung"
"kec_2094","Bandung Kulon","Bandung"
"kec_2095","Margaasih","Bandung"
"kec_2096","Nagreg","Bandung"
"kec_2097","Babakan Ciparay","Bandung"
"kec_2098","Margahayu","Bandung"
"kec_2099","Bojongloa Kaler","Bandung"
"kec_2100","Bojongloa Kidul","Bandung"
"kec_2101","Cangkuang","Bandung"
"kec_2102","Dayeuhkolot","Bandung"
"kec_2103","Astana Anyar","Bandung"
"kec_2104","Regol","Bandung"
"kec_2105","Bandung Kidul","Bandung"
"kec_2106","Baleendah","Bandung"
"kec_2107","Lengkong","Bandung"
"kec_2108","Batununggal","Bandung"
"kec_2109","Kiaracondong","Bandung"
"kec_2110","Buahbatu (Margacinta)","Bandung"
"kec_2111","Bojongsoang","Bandung"
"kec_2112","Antapani (Cicadas)","Bandung"
"kec_2113","Rancasari","Bandung"
"kec_2114","Arcamanik","Bandung"
"kec_2115","Cinambo","Bandung"
"kec_2116","Gedebage","Bandung"
"kec_2117","Cimaung","Bandung"
"kec_2118","Solokan Jeruk","Bandung"
"kec_2119","Pameungpeuk","Bandung"
"kec_2120","Banjaran","Bandung"
"kec_2121","Pangalengan","Bandung"
"kec_2122","Arjasari","Bandung"
"kec_2123","Ciparay","Bandung"
"kec_2124","Majalaya","Bandung"
"kec_2125","Paseh","Bandung"
"kec_2126","Ibun","Bandung"
"kec_2127","Pacet","Bandung"
"kec_2128","Kertasari","Bandung"
"kec_2129","Lembang","Bandung Barat"
"kec_2130","Rancaekek","Bandung"
"kec_2131","Cicalengka","Bandung"
"kec_2132","Cikancung","Bandung"
"kec_2133","Cimahi Utara","Cimahi"
"kec_2134","Cimahi Tengah","Cimahi"
"kec_2135","Cimahi Selatan","Cimahi"
"kec_2136","Cisarua","Bandung Barat"
"kec_2137","Ngamprah","Bandung Barat"
"kec_2138","Padalarang","Bandung Barat"
"kec_2139","Cipatat","Bandung Barat"
"kec_2140","Cikalong Wetan","Bandung Barat"
"kec_2141","Cipeundeuy","Bandung Barat"
"kec_2142","Parongpong","Bandung Barat"
"kec_2143","Batujajar","Bandung Barat"
"kec_2144","Saguling","Bandung Barat"
"kec_2145","Cililin","Bandung Barat"
"kec_2146","Cihampelas","Bandung Barat"
"kec_2147","Sindangkerta","Bandung Barat"
"kec_2148","Cipongkor","Bandung Barat"
"kec_2149","Gununghalu","Bandung Barat"
"kec_2150","Rongga","Bandung Barat"
"kec_2151","Ujung Berung","Bandung"
"kec_2152","Cibiru","Bandung"
"kec_2153","Panyileukan","Bandung"
"kec_2154","Cilengkrang","Bandung"
"kec_2155","Cileunyi","Bandung"
"kec_2156","Kutawaringin","Bandung"
"kec_2157","Soreang","Bandung"
"kec_2158","Katapang","Bandung"
"kec_2159","Pasirjambu","Bandung"
"kec_2160","Ranca Bali","Bandung"
"kec_2161","Ciwidey","Bandung"
"kec_2162","Purwakarta","Purwakarta"
"kec_2163","Tegal Waru","Purwakarta"
"kec_2164","Pondoksalam","Purwakarta"
"kec_2165","Sukasari","Purwakarta"
"kec_2166","Babakancikao","Purwakarta"
"kec_2167","Jatiluhur","Purwakarta"
"kec_2168","Plered","Purwakarta"
"kec_2169","Darangdan","Purwakarta"
"kec_2170","Bojong","Purwakarta"
"kec_2171","Maniis","Purwakarta"
"kec_2172","Sukatani","Purwakarta"
"kec_2173","Pasawahan","Purwakarta"
"kec_2174","Wanayasa","Purwakarta"
"kec_2175","Kiarapedes","Purwakarta"
"kec_2176","Campaka","Purwakarta"
"kec_2177","Bungursari","Purwakarta"
"kec_2178","Cibatu","Purwakarta"
"kec_2179","Subang","Subang"
"kec_2180","Pabuaran","Subang"
"kec_2181","Ciater","Subang"
"kec_2182","Pagaden","Subang"
"kec_2183","Pagaden Barat","Subang"
"kec_2184","Binong","Subang"
"kec_2185","Tambakdahan","Subang"
"kec_2186","Cikaum","Subang"
"kec_2187","Sukasari","Subang"
"kec_2188","Legonkulon","Subang"
"kec_2189","Pamanukan","Subang"
"kec_2190","Pusakajaya","Subang"
"kec_2191","Pusakanagara","Subang"
"kec_2192","Ciasem","Subang"
"kec_2193","Cipunagara","Subang"
"kec_2194","Compreng","Subang"
"kec_2195","Blanakan","Subang"
"kec_2196","Purwadadi","Subang"
"kec_2197","Patokbeusi","Subang"
"kec_2198","Kalijati","Subang"
"kec_2199","Dawuan","Subang"
"kec_2200","Cipeundeuy","Subang"
"kec_2201","Jalancagak","Subang"
"kec_2202","Kasomalang","Subang"
"kec_2203","Sagalaherang","Subang"
"kec_2204","Serangpanjang","Subang"
"kec_2205","Cisalak","Subang"
"kec_2206","Tanjungsiang","Subang"
"kec_2207","Cibogo","Subang"
"kec_2208","Cijambe","Subang"
"kec_2209","Karawang Barat","Karawang"
"kec_2210","Karawang Timur","Karawang"
"kec_2211","Rengasdengklok","Karawang"
"kec_2212","Jayakerta","Karawang"
"kec_2213","Cilebar","Karawang"
"kec_2214","Pedes","Karawang"
"kec_2215","Batujaya","Karawang"
"kec_2216","Pakisjaya","Karawang"
"kec_2217","Cibuaya","Karawang"
"kec_2218","Tirtajaya","Karawang"
"kec_2219","Kutawaluya","Karawang"
"kec_2220","Telukjambe Barat","Karawang"
"kec_2221","Telukjambe Timur","Karawang"
"kec_2222","Tegalwaru","Karawang"
"kec_2223","Pangkalan","Karawang"
"kec_2224","Ciampel","Karawang"
"kec_2225","Klari","Karawang"
"kec_2226","Majalaya","Karawang"
"kec_2227","Purwasari","Karawang"
"kec_2228","Tirtamulya","Karawang"
"kec_2229","Cikampek","Karawang"
"kec_2230","Jatisari","Karawang"
"kec_2231","Banyusari","Karawang"
"kec_2232","Kotabaru","Karawang"
"kec_2233","Talagasari","Karawang"
"kec_2234","Rawamerta","Karawang"
"kec_2235","Lemahabang","Karawang"
"kec_2236","Cilamaya Kulon","Karawang"
"kec_2237","Cilamaya Wetan","Karawang"
"kec_2238","Tempuran","Karawang"
"kec_2239","Serang","Serang"
"kec_2240","Cipocok Jaya","Serang"
"kec_2241","Kramatwatu","Serang"
"kec_2242","Taktakan","Serang"
"kec_2243","Gunungsari","Serang"
"kec_2244","Pabuaran","Serang"
"kec_2245","Ciomas","Serang"
"kec_2246","Padarincang","Serang"
"kec_2247","Mancak","Serang"
"kec_2248","Anyar","Serang"
"kec_2249","Cinangka","Serang"
"kec_2250","Curug","Serang"
"kec_2251","Petir","Serang"
"kec_2252","Baros","Serang"
"kec_2253","Tunjung Teja","Serang"
"kec_2254","Cikeusal","Serang"
"kec_2255","Bandung","Serang"
"kec_2256","Pamarayan","Serang"
"kec_2257","Jawilan","Serang"
"kec_2258","Kopo","Serang"
"kec_2259","Lebak Wangi","Serang"
"kec_2260","Ciruas","Serang"
"kec_2261","Walantaka","Serang"
"kec_2262","Kragilan","Serang"
"kec_2263","Kibin","Serang"
"kec_2264","Cikande","Serang"
"kec_2265","Kasemen","Serang"
"kec_2266","Pontang","Serang"
"kec_2267","Tirtayasa","Serang"
"kec_2268","Tanara","Serang"
"kec_2269","Carenang (Cerenang)","Serang"
"kec_2270","Binuang","Serang"
"kec_2271","Majasari","Pandeglang"
"kec_2272","Pandeglang","Pandeglang"
"kec_2273","Picung","Pandeglang"
"kec_2274","Karang Tanjung","Pandeglang"
"kec_2275","Koroncong","Pandeglang"
"kec_2276","Cadasari","Pandeglang"
"kec_2277","Banjar","Pandeglang"
"kec_2278","Kaduhejo","Pandeglang"
"kec_2279","Pulosari","Pandeglang"
"kec_2280","Mandalawangi","Pandeglang"
"kec_2281","Menes","Pandeglang"
"kec_2282","Jiput","Pandeglang"
"kec_2283","Carita","Pandeglang"
"kec_2284","Labuan","Pandeglang"
"kec_2285","Patia","Pandeglang"
"kec_2286","Pagelaran","Pandeglang"
"kec_2287","Sukaresmi","Pandeglang"
"kec_2288","Cikeudal (Cikedal)","Pandeglang"
"kec_2289","Cimanuk","Pandeglang"
"kec_2290","Mekarjaya","Pandeglang"
"kec_2291","Cipeucang","Pandeglang"
"kec_2292","Saketi","Pandeglang"
"kec_2293","Cisata","Pandeglang"
"kec_2294","Bojong","Pandeglang"
"kec_2295","Sindangresmi","Pandeglang"
"kec_2296","Munjul","Pandeglang"
"kec_2297","Angsana","Pandeglang"
"kec_2298","Sobang","Pandeglang"
"kec_2299","Panimbang","Pandeglang"
"kec_2300","Cigeulis","Pandeglang"
"kec_2301","Sumur","Pandeglang"
"kec_2302","Cimanggu","Pandeglang"
"kec_2303","Cibaliung","Pandeglang"
"kec_2304","Cibitung","Pandeglang"
"kec_2305","Cikeusik","Pandeglang"
"kec_2306","Kalanganyar","Lebak"
"kec_2307","Rangkasbitung","Lebak"
"kec_2308","Malingping","Lebak"
"kec_2309","Sobang","Lebak"
"kec_2310","Cibadak","Lebak"
"kec_2311","Warunggunung","Lebak"
"kec_2312","Cileles","Lebak"
"kec_2313","Gunung Kencana","Lebak"
"kec_2314","Lebakgedong","Lebak"
"kec_2315","Banjarsari","Lebak"
"kec_2316","Cikulur","Lebak"
"kec_2317","Cimarga","Lebak"
"kec_2318","Leuwidamar","Lebak"
"kec_2319","Cirinten","Lebak"
"kec_2320","Bojongmanik","Lebak"
"kec_2321","Muncang","Lebak"
"kec_2322","Sajira","Lebak"
"kec_2323","Cipanas","Lebak"
"kec_2324","Maja","Lebak"
"kec_2325","Curugbitung","Lebak"
"kec_2326","Cihara","Lebak"
"kec_2327","Panggarangan","Lebak"
"kec_2328","Bayah","Lebak"
"kec_2329","Cilograng","Lebak"
"kec_2330","Cibeber","Lebak"
"kec_2331","Cijaku","Lebak"
"kec_2332","Cigemblong","Lebak"
"kec_2333","Wanasalam","Lebak"
"kec_2334","Jombang","Cilegon"
"kec_2335","Cilegon","Cilegon"
"kec_2336","Cibeber","Cilegon"
"kec_2337","Pulomerak","Cilegon"
"kec_2338","Purwakarta","Cilegon"
"kec_2339","Gerogol","Cilegon"
"kec_2340","Ciwandan","Cilegon"
"kec_2341","Citangkil","Cilegon"
"kec_2342","Waringin Kurung","Serang"
"kec_2343","Bojonegara","Serang"
"kec_2344","Pulo Ampel","Serang"
"kec_2345","Cikole","Sukabumi"
"kec_2346","Gunung Puyuh","Sukabumi"
"kec_2347","Warudoyong","Sukabumi"
"kec_2348","Cisaat","Sukabumi"
"kec_2349","Lembursitu","Sukabumi"
"kec_2350","Citamiang","Sukabumi"
"kec_2351","Cibeureum","Sukabumi"
"kec_2352","Sukabumi","Sukabumi"
"kec_2353","Kadudampit","Sukabumi"
"kec_2354","Geger Bitung","Sukabumi"
"kec_2355","Caringin","Sukabumi"
"kec_2356","Cicantayan","Sukabumi"
"kec_2357","Gunung Guruh","Sukabumi"
"kec_2358","Cikembar","Sukabumi"
"kec_2359","Baros","Sukabumi"
"kec_2360","Jampang Tengah","Sukabumi"
"kec_2361","Cibitung","Sukabumi"
"kec_2362","Pabuaran","Sukabumi"
"kec_2363","Lengkong","Sukabumi"
"kec_2364","Waluran","Sukabumi"
"kec_2365","Ciracap","Sukabumi"
"kec_2366","Ciemas","Sukabumi"
"kec_2367","Jampang Kulon","Sukabumi"
"kec_2368","Cimanggu","Sukabumi"
"kec_2369","Surade","Sukabumi"
"kec_2370","Sagaranten","Sukabumi"
"kec_2371","Curugkembar","Sukabumi"
"kec_2372","Cidadap","Sukabumi"
"kec_2373","Cidolog","Sukabumi"
"kec_2374","Kali Bunder","Sukabumi"
"kec_2375","Tegal Buleud","Sukabumi"
"kec_2376","Purabaya","Sukabumi"
"kec_2377","Sukalarang","Sukabumi"
"kec_2378","Sukaraja","Sukabumi"
"kec_2379","Cireunghas","Sukabumi"
"kec_2380","Kebonpedes","Sukabumi"
"kec_2381","Nyalindung","Sukabumi"
"kec_2382","Cianjur","Cianjur"
"kec_2383","Cugenang","Cianjur"
"kec_2384","Cipanas","Cianjur"
"kec_2385","Pacet","Cianjur"
"kec_2386","Sukaresmi","Cianjur"
"kec_2387","Gekbrong","Cianjur"
"kec_2388","Warungkondang","Cianjur"
"kec_2389","Cibeber","Cianjur"
"kec_2390","Campaka","Cianjur"
"kec_2391","Sukanagara","Cianjur"
"kec_2392","Takokak","Cianjur"
"kec_2393","Pagelaran","Cianjur"
"kec_2394","Pasirkuda","Cianjur"
"kec_2395","Tanggeung","Cianjur"
"kec_2396","Kadupandak","Cianjur"
"kec_2397","Campaka Mulya","Cianjur"
"kec_2398","Cibinong","Cianjur"
"kec_2399","Sindangbarang","Cianjur"
"kec_2400","Agrabinta","Cianjur"
"kec_2401","Leles","Cianjur"
"kec_2402","Naringgul","Cianjur"
"kec_2403","Cidaun","Cianjur"
"kec_2404","Karangtengah","Cianjur"
"kec_2405","Ciranjang","Cianjur"
"kec_2406","Haurwangi","Cianjur"
"kec_2407","Bojongpicung","Cianjur"
"kec_2408","Sukaluyu","Cianjur"
"kec_2409","Cijati","Cianjur"
"kec_2410","Cikadu","Cianjur"
"kec_2411","Cilaku","Cianjur"
"kec_2412","Cikalongkulon","Cianjur"
"kec_2413","Mande","Cianjur"
"kec_2414","Cibadak","Sukabumi"
"kec_2415","Bojong Genteng","Sukabumi"
"kec_2416","Kalapa Nunggal","Sukabumi"
"kec_2417","Parakan Salak","Sukabumi"
"kec_2418","Ciambar","Sukabumi"
"kec_2419","Nagrak","Sukabumi"
"kec_2420","Parung Kuda","Sukabumi"
"kec_2421","Cidahu","Sukabumi"
"kec_2422","Cicurug","Sukabumi"
"kec_2423","Simpenan","Sukabumi"
"kec_2424","Warung Kiara","Sukabumi"
"kec_2425","Bantargadung","Sukabumi"
"kec_2426","Pelabuhan/Palabuhan Ratu","Sukabumi"
"kec_2427","Cikakak","Sukabumi"
"kec_2428","Cisolok","Sukabumi"
"kec_2429","Cikidang","Sukabumi"
"kec_2430","Kabandungan","Sukabumi"
"kec_2431","Garut Kota","Garut"
"kec_2432","Sucinaraja","Garut"
"kec_2433","Cigedug","Garut"
"kec_2434","Leles","Garut"
"kec_2435","Tarogong Kidul","Garut"
"kec_2436","Tarogong Kaler","Garut"
"kec_2437","Kadungora","Garut"
"kec_2438","Pasirwangi","Garut"
"kec_2439","Samarang","Garut"
"kec_2440","Bayongbong","Garut"
"kec_2441","Cisurupan","Garut"
"kec_2442","Sukaresmi","Garut"
"kec_2443","Pakenjeng","Garut"
"kec_2444","Pamulihan","Garut"
"kec_2445","Bungbulang","Garut"
"kec_2446","Mekarmukti","Garut"
"kec_2447","Caringin","Garut"
"kec_2448","Cisewu","Garut"
"kec_2449","Talegong","Garut"
"kec_2450","Cikajang","Garut"
"kec_2451","Banjarwangi","Garut"
"kec_2452","Singajaya","Garut"
"kec_2453","Cihurip","Garut"
"kec_2454","Cisompet","Garut"
"kec_2455","Pameungpeuk","Garut"
"kec_2456","Cibalong","Garut"
"kec_2457","Cikelet","Garut"
"kec_2458","Peundeuy","Garut"
"kec_2459","Cilawu","Garut"
"kec_2460","Karangpawitan","Garut"
"kec_2461","Pangatikan","Garut"
"kec_2462","Wanaraja","Garut"
"kec_2463","Karangtengah","Garut"
"kec_2464","Sukawening","Garut"
"kec_2465","Cibatu","Garut"
"kec_2466","Kersamanah","Garut"
"kec_2467","Blubur Limbangan","Garut"
"kec_2468","Selaawi","Garut"
"kec_2469","Malangbong","Garut"
"kec_2470","Banyuresmi","Garut"
"kec_2471","Leuwigoong","Garut"
"kec_2472","Cibiuk","Garut"
"kec_2473","Lemahwungkuk","Cirebon"
"kec_2474","Pekalipan","Cirebon"
"kec_2475","Kejaksan","Cirebon"
"kec_2476","Kesambi","Cirebon"
"kec_2477","Harjamukti","Cirebon"
"kec_2478","Gunung Jati (Cirebon Utara)","Cirebon"
"kec_2479","Suranenggala","Cirebon"
"kec_2480","Kapetakan","Cirebon"
"kec_2481","Tengah Tani","Cirebon"
"kec_2482","Kedawung","Cirebon"
"kec_2483","Plered","Cirebon"
"kec_2484","Weru","Cirebon"
"kec_2485","Plumbon","Cirebon"
"kec_2486","Depok","Cirebon"
"kec_2487","Jamblang","Cirebon"
"kec_2488","Klangenan","Cirebon"
"kec_2489","Palimanan","Cirebon"
"kec_2490","Gempol","Cirebon"
"kec_2491","Arjawinangun","Cirebon"
"kec_2492","Panguragan","Cirebon"
"kec_2493","Gegesik","Cirebon"
"kec_2494","Kaliwedi","Cirebon"
"kec_2495","Susukan","Cirebon"
"kec_2496","Ciwaringin","Cirebon"
"kec_2497","Talun (Cirebon Selatan)","Cirebon"
"kec_2498","Beber","Cirebon"
"kec_2499","Greged (Greget)","Cirebon"
"kec_2500","Mundu","Cirebon"
"kec_2501","Astanajapura","Cirebon"
"kec_2502","Pangenan","Cirebon"
"kec_2503","Lemahabang","Cirebon"
"kec_2504","Susukan Lebak","Cirebon"
"kec_2505","Karangwareng","Cirebon"
"kec_2506","Karangsembung","Cirebon"
"kec_2507","Waled","Cirebon"
"kec_2508","Pasaleman","Cirebon"
"kec_2509","Ciledug","Cirebon"
"kec_2510","Pabuaran","Cirebon"
"kec_2511","Sedong","Cirebon"
"kec_2512","Babakan","Cirebon"
"kec_2513","Gebang","Cirebon"
"kec_2514","Losari","Cirebon"
"kec_2515","Pabedilan","Cirebon"
"kec_2516","Indramayu","Indramayu"
"kec_2517","Kandanghaur","Indramayu"
"kec_2518","Pasekan","Indramayu"
"kec_2519","Balongan","Indramayu"
"kec_2520","Sindang","Indramayu"
"kec_2521","Lohbener","Indramayu"
"kec_2522","Losarang","Indramayu"
"kec_2523","Bongas","Indramayu"
"kec_2524","Anjatan","Indramayu"
"kec_2525","Patrol","Indramayu"
"kec_2526","Sukra","Indramayu"
"kec_2527","Cantigi","Indramayu"
"kec_2528","Lelea","Indramayu"
"kec_2529","Cikedung","Indramayu"
"kec_2530","Trisi/Terisi","Indramayu"
"kec_2531","Gabuswetan","Indramayu"
"kec_2532","Gantar","Indramayu"
"kec_2533","Haurgeulis","Indramayu"
"kec_2534","Kroya","Indramayu"
"kec_2535","Widasari","Indramayu"
"kec_2536","Bangodua","Indramayu"
"kec_2537","Tukdana","Indramayu"
"kec_2538","Jatibarang","Indramayu"
"kec_2539","Sukagumiwang","Indramayu"
"kec_2540","Kertasemaya","Indramayu"
"kec_2541","Sliyeg","Indramayu"
"kec_2542","Juntinyuat","Indramayu"
"kec_2543","Karangampel","Indramayu"
"kec_2544","Kedokan Bunder","Indramayu"
"kec_2545","Krangkeng","Indramayu"
"kec_2546","Sumedang Selatan","Sumedang"
"kec_2547","Sumedang Utara","Sumedang"
"kec_2548","Cimalaka","Sumedang"
"kec_2549","Tanjungkerta","Sumedang"
"kec_2550","Tanjungmedar","Sumedang"
"kec_2551","Cisarua","Sumedang"
"kec_2552","Ganeas","Sumedang"
"kec_2553","Rancakalong","Sumedang"
"kec_2554","Tanjungsari","Sumedang"
"kec_2555","Jatinangor","Sumedang"
"kec_2556","Cisitu","Sumedang"
"kec_2557","Cimanggung","Sumedang"
"kec_2558","Arahan","Indramayu"
"kec_2559","Pamulihan","Sumedang"
"kec_2560","Sukasari","Sumedang"
"kec_2561","Situraja","Sumedang"
"kec_2562","Darmaraja","Sumedang"
"kec_2563","Wado","Sumedang"
"kec_2564","Cibugel","Sumedang"
"kec_2565","Jatinunggal","Sumedang"
"kec_2566","Jatigede","Sumedang"
"kec_2567","Paseh","Sumedang"
"kec_2568","Tomo","Sumedang"
"kec_2569","Ujungjaya","Sumedang"
"kec_2570","Conggeang","Sumedang"
"kec_2571","Buahdua","Sumedang"
"kec_2572","Surian","Sumedang"
"kec_2573","Majalengka","Majalengka"
"kec_2574","Kadipaten","Majalengka"
"kec_2575","Dawuan","Majalengka"
"kec_2576","Kasokandel","Majalengka"
"kec_2577","Jatiwangi","Majalengka"
"kec_2578","Sumberjaya","Majalengka"
"kec_2579","Ligung","Majalengka"
"kec_2580","Kertajati","Majalengka"
"kec_2581","Jatitujuh","Majalengka"
"kec_2582","Panyingkiran","Majalengka"
"kec_2583","Maja","Majalengka"
"kec_2584","Argapura","Majalengka"
"kec_2585","Talaga","Majalengka"
"kec_2586","Bantarujeg","Majalengka"
"kec_2587","Malausma","Majalengka"
"kec_2588","Lemahsugih","Majalengka"
"kec_2589","Cikijing","Majalengka"
"kec_2590","Cingambul","Majalengka"
"kec_2591","Banjaran","Majalengka"
"kec_2592","Sukahaji","Majalengka"
"kec_2593","Sindang","Majalengka"
"kec_2594","Rajagaluh","Majalengka"
"kec_2595","Leuwimunding","Majalengka"
"kec_2596","Sindangwangi","Majalengka"
"kec_2597","Palasah","Majalengka"
"kec_2598","Cigasong","Majalengka"
"kec_2599","Kuningan","Kuningan"
"kec_2600","Kramat Mulya","Kuningan"
"kec_2601","Cigugur","Kuningan"
"kec_2602","Jalaksana","Kuningan"
"kec_2603","Japara","Kuningan"
"kec_2604","Cigandamekar","Kuningan"
"kec_2605","Cilimus","Kuningan"
"kec_2606","Pancalang","Kuningan"
"kec_2607","Mandirancan","Kuningan"
"kec_2608","Pasawahan","Kuningan"
"kec_2609","Kadugede","Kuningan"
"kec_2610","Darma","Kuningan"
"kec_2611","Nusaherang","Kuningan"
"kec_2612","Hantara","Kuningan"
"kec_2613","Ciniru","Kuningan"
"kec_2614","Selajambe","Kuningan"
"kec_2615","Garawangi","Kuningan"
"kec_2616","Sindangagung","Kuningan"
"kec_2617","Lebakwangi","Kuningan"
"kec_2618","Maleber","Kuningan"
"kec_2619","Cipicung","Kuningan"
"kec_2620","Luragung","Kuningan"
"kec_2621","Cimahi","Kuningan"
"kec_2622","Ciwaru","Kuningan"
"kec_2623","Karangkancana","Kuningan"
"kec_2624","Cilebak","Kuningan"
"kec_2625","Subang","Kuningan"
"kec_2626","Cibingbin","Kuningan"
"kec_2627","Cibeureum","Kuningan"
"kec_2628","Ciawigebang","Kuningan"
"kec_2629","Kalimanggis","Kuningan"
"kec_2630","Cidahu","Kuningan"
"kec_2631","Sumber","Cirebon"
"kec_2632","Dukupuntang","Cirebon"
"kec_2633","Tawang","Tasikmalaya"
"kec_2634","Cihideung","Tasikmalaya"
"kec_2635","Cipedes","Tasikmalaya"
"kec_2636","Bungursari","Tasikmalaya"
"kec_2637","Indihiang","Tasikmalaya"
"kec_2638","Cisayong","Tasikmalaya"
"kec_2639","Sukahening","Tasikmalaya"
"kec_2640","Rajapolah","Tasikmalaya"
"kec_2641","Ciawi","Tasikmalaya"
"kec_2642","Kadipaten","Tasikmalaya"
"kec_2643","Pagerageung","Tasikmalaya"
"kec_2644","Bantarkalong","Tasikmalaya"
"kec_2645","Jamanis","Tasikmalaya"
"kec_2646","Mangkubumi","Tasikmalaya"
"kec_2647","Kawalu","Tasikmalaya"
"kec_2648","Sukaraja","Tasikmalaya"
"kec_2649","Tanjungjaya","Tasikmalaya"
"kec_2650","Parungponteng","Tasikmalaya"
"kec_2651","Cibalong","Tasikmalaya"
"kec_2652","Jatiwaras","Tasikmalaya"
"kec_2653","Karangnunggal","Tasikmalaya"
"kec_2654","Cipatujah","Tasikmalaya"
"kec_2655","Culamega","Tasikmalaya"
"kec_2656","Salopa","Tasikmalaya"
"kec_2657","Cikatomas","Tasikmalaya"
"kec_2658","Pancatengah","Tasikmalaya"
"kec_2659","Cikalong","Tasikmalaya"
"kec_2660","Cibeureum","Tasikmalaya"
"kec_2661","Tamansari","Tasikmalaya"
"kec_2662","Purbaratu","Tasikmalaya"
"kec_2663","Manonjaya","Tasikmalaya"
"kec_2664","Cineam","Tasikmalaya"
"kec_2665","Karang Jaya","Tasikmalaya"
"kec_2666","Ciamis","Ciamis"
"kec_2667","Cipaku","Ciamis"
"kec_2668","Kawali","Ciamis"
"kec_2669","Rajadesa","Ciamis"
"kec_2670","Panawangan","Ciamis"
"kec_2671","Sadananya","Ciamis"
"kec_2672","Lumbung","Ciamis"
"kec_2673","Cikoneng","Ciamis"
"kec_2674","Cihaurbeuti","Ciamis"
"kec_2675","Panumbangan","Ciamis"
"kec_2676","Panjalu","Ciamis"
"kec_2677","Sukamantri","Ciamis"
"kec_2678","Padaherang","Pangandaran"
"kec_2679","Sindangkasih","Ciamis"
"kec_2680","Cijeungjing","Ciamis"
"kec_2681","Sukadana","Ciamis"
"kec_2682","Jatinagara","Ciamis"
"kec_2683","Baregbeg","Ciamis"
"kec_2684","Banjar","Banjar"
"kec_2685","Pataruman","Banjar"
"kec_2686","Langensari","Banjar"
"kec_2687","Purwaharja","Banjar"
"kec_2688","Cidolog","Ciamis"
"kec_2689","Pamarican","Ciamis"
"kec_2690","Sidamulih","Pangandaran"
"kec_2691","Mangunjaya","Pangandaran"
"kec_2692","Cimaragas","Ciamis"
"kec_2693","Banjarsari","Ciamis"
"kec_2694","Purwadadi","Ciamis"
"kec_2695","Lakbok","Ciamis"
"kec_2696","Cisaga","Ciamis"
"kec_2697","Rancah","Ciamis"
"kec_2698","Tambaksari","Ciamis"
"kec_2699","Langkaplancar","Pangandaran"
"kec_2700","Cigugur","Pangandaran"
"kec_2701","Parigi","Pangandaran"
"kec_2702","Cijulang","Pangandaran"
"kec_2703","Cimerak","Pangandaran"
"kec_2704","Pangandaran","Pangandaran"
"kec_2705","Kalipucang","Pangandaran"
"kec_2706","Singaparna","Tasikmalaya"
"kec_2707","Sukaratu","Tasikmalaya"
"kec_2708","Sukaresik","Tasikmalaya"
"kec_2709","Gunung Tanjung","Tasikmalaya"
"kec_2710","Sukarame","Tasikmalaya"
"kec_2711","Mangunreja","Tasikmalaya"
"kec_2712","Cigalontang","Tasikmalaya"
"kec_2713","Leuwisari","Tasikmalaya"
"kec_2714","Sariwangi","Tasikmalaya"
"kec_2715","Padakembang","Tasikmalaya"
"kec_2716","Puspahiang","Tasikmalaya"
"kec_2717","Salawu","Tasikmalaya"
"kec_2718","Sodonghilir","Tasikmalaya"
"kec_2719","Taraju","Tasikmalaya"
"kec_2720","Bojongasih","Tasikmalaya"
"kec_2721","Bojonggambir","Tasikmalaya"
"kec_2722","Genuk","Semarang"
"kec_2723","Pedurungan","Semarang"
"kec_2724","Semarang Timur","Semarang"
"kec_2725","Sumowono","Semarang"
"kec_2726","Bancak","Semarang"
"kec_2727","Tuntang","Semarang"
"kec_2728","Semarang Tengah","Semarang"
"kec_2729","Semarang Barat","Semarang"
"kec_2730","Tugu","Semarang"
"kec_2731","Gayamsari","Semarang"
"kec_2732","Semarang Utara","Semarang"
"kec_2733","Ngaliyan","Semarang"
"kec_2734","Suruh","Semarang"
"kec_2735","Bergas","Semarang"
"kec_2736","Mijen","Semarang"
"kec_2737","Pringapus","Semarang"
"kec_2738","Bringin","Semarang"
"kec_2739","Kaliwungu","Semarang"
"kec_2740","Gunungpati","Semarang"
"kec_2741","Tengaran","Semarang"
"kec_2742","Gajah Mungkur","Semarang"
"kec_2743","Semarang Selatan","Semarang"
"kec_2744","Candisari","Semarang"
"kec_2745","Banyumanik","Semarang"
"kec_2746","Jambu","Semarang"
"kec_2747","Tembalang","Semarang"
"kec_2748","Ungaran Barat","Semarang"
"kec_2749","Ungaran Timur","Semarang"
"kec_2750","Ambarawa","Semarang"
"kec_2751","Bandungan","Semarang"
"kec_2752","Bawen","Semarang"
"kec_2753","Banyubiru","Semarang"
"kec_2754","Sidorejo","Salatiga"
"kec_2755","Sidomukti","Salatiga"
"kec_2756","Argomulyo","Salatiga"
"kec_2757","Tingkir","Salatiga"
"kec_2758","Pabelan","Semarang"
"kec_2759","Getasan","Semarang"
"kec_2760","Susukan","Semarang"
"kec_2761","Pekalongan Barat","Pekalongan"
"kec_2762","Pekalongan Timur","Pekalongan"
"kec_2763","Wiradesa","Pekalongan"
"kec_2764","Pekalongan Selatan","Pekalongan"
"kec_2765","Siwalan","Pekalongan"
"kec_2766","Pekalongan Utara","Pekalongan"
"kec_2767","Tirto","Pekalongan"
"kec_2768","Wonokerto","Pekalongan"
"kec_2769","Sragi","Pekalongan"
"kec_2770","Bojong","Pekalongan"
"kec_2771","Kajen","Pekalongan"
"kec_2772","Kesesi","Pekalongan"
"kec_2773","Kandangserang","Pekalongan"
"kec_2774","Paninggaran","Pekalongan"
"kec_2775","Buaran","Pekalongan"
"kec_2776","Kedungwuni","Pekalongan"
"kec_2777","Karangdadap","Pekalongan"
"kec_2778","Wonopringgo","Pekalongan"
"kec_2779","Karanganyar","Pekalongan"
"kec_2780","Lebakbarang","Pekalongan"
"kec_2781","Doro","Pekalongan"
"kec_2782","Talun","Pekalongan"
"kec_2783","Petungkriono/Petungkriyono","Pekalongan"
"kec_2784","Batang","Batang"
"kec_2785","Warungasem","Batang"
"kec_2786","Wonotunggal","Batang"
"kec_2787","Bandar","Batang"
"kec_2788","Blado","Batang"
"kec_2789","Kandeman","Batang"
"kec_2790","Tulis","Batang"
"kec_2791","Subah","Batang"
"kec_2792","Pecalungan","Batang"
"kec_2793","Limpung","Batang"
"kec_2794","Banyuputih","Batang"
"kec_2795","Tersono","Batang"
"kec_2796","Reban","Batang"
"kec_2797","Bawang","Batang"
"kec_2798","Gringsing","Batang"
"kec_2799","Kendal","Kendal"
"kec_2800","Rowosari","Kendal"
"kec_2801","Patebon","Kendal"
"kec_2802","Cepiring","Kendal"
"kec_2803","Kangkung","Kendal"
"kec_2804","Weleri","Kendal"
"kec_2805","Ringinarum","Kendal"
"kec_2806","Gemuh","Kendal"
"kec_2807","Ngampel","Kendal"
"kec_2808","Pegandon","Kendal"
"kec_2809","Pagerruyung","Kendal"
"kec_2810","Plantungan","Kendal"
"kec_2811","Sukorejo","Kendal"
"kec_2812","Patean","Kendal"
"kec_2813","Brangsong","Kendal"
"kec_2814","Kaliwungu Selatan","Kendal"
"kec_2815","Kaliwungu","Kendal"
"kec_2816","Boja","Kendal"
"kec_2817","Singorojo","Kendal"
"kec_2818","Limbangan","Kendal"
"kec_2819","Tegal Barat","Tegal"
"kec_2820","Adiwerna","Tegal"
"kec_2821","Tegal Timur","Tegal"
"kec_2822","Tegal Selatan","Tegal"
"kec_2823","Margadana","Tegal"
"kec_2824","Kramat","Tegal"
"kec_2825","Surodadi","Tegal"
"kec_2826","Warurejo","Tegal"
"kec_2827","Tarub","Tegal"
"kec_2828","Dukuhturi","Tegal"
"kec_2829","Talang","Tegal"
"kec_2830","Brebes","Brebes"
"kec_2831","Wanasari","Brebes"
"kec_2832","Bulakamba","Brebes"
"kec_2833","Tanjung","Brebes"
"kec_2834","Losari","Brebes"
"kec_2835","Jatibarang","Brebes"
"kec_2836","Larangan","Brebes"
"kec_2837","Ketanggungan","Brebes"
"kec_2838","Kersana","Brebes"
"kec_2839","Banjarharjo","Brebes"
"kec_2840","Songgom","Brebes"
"kec_2841","Tonjong","Brebes"
"kec_2842","Sirampog","Brebes"
"kec_2843","Bumiayu","Brebes"
"kec_2844","Bantarkawung","Brebes"
"kec_2845","Salem","Brebes"
"kec_2846","Paguyangan","Brebes"
"kec_2847","Pemalang","Pemalang"
"kec_2848","Bantarbolang","Pemalang"
"kec_2849","Randudongkal","Pemalang"
"kec_2850","Moga","Pemalang"
"kec_2851","Warungpring","Pemalang"
"kec_2852","Pulosari","Pemalang"
"kec_2853","Belik","Pemalang"
"kec_2854","Watukumpul","Pemalang"
"kec_2855","Taman","Pemalang"
"kec_2856","Petarukan","Pemalang"
"kec_2857","Comal","Pemalang"
"kec_2858","Ampelgading","Pemalang"
"kec_2859","Bodeh","Pemalang"
"kec_2860","Ulujami","Pemalang"
"kec_2861","Slawi","Tegal"
"kec_2862","Dukuhwaru","Tegal"
"kec_2863","Lebaksiu","Tegal"
"kec_2864","Pagerbarang","Tegal"
"kec_2865","Margasari","Tegal"
"kec_2866","Balapulang","Tegal"
"kec_2867","Bojong","Tegal"
"kec_2868","Bumijawa","Tegal"
"kec_2869","Pangkah","Tegal"
"kec_2870","Kedung Banteng","Tegal"
"kec_2871","Jatinegara","Tegal"
"kec_2872","Purwokerto Timur","Banyumas"
"kec_2873","Purwokerto Utara","Banyumas"
"kec_2874","Baturaden","Banyumas"
"kec_2875","Purwokerto Barat","Banyumas"
"kec_2876","Purwokerto Selatan","Banyumas"
"kec_2877","Kedung Banteng","Banyumas"
"kec_2878","Karanglewas","Banyumas"
"kec_2879","Cilongok","Banyumas"
"kec_2880","Ajibarang","Banyumas"
"kec_2881","Pekuncen","Banyumas"
"kec_2882","Gumelar","Banyumas"
"kec_2883","Patikraja","Banyumas"
"kec_2884","Kebasen","Banyumas"
"kec_2885","Rawalo","Banyumas"
"kec_2886","Jatilawang","Banyumas"
"kec_2887","Purwojati","Banyumas"
"kec_2888","Wangon","Banyumas"
"kec_2889","Lumbir","Banyumas"
"kec_2890","Sokaraja","Banyumas"
"kec_2891","Kembaran","Banyumas"
"kec_2892","Sumbang","Banyumas"
"kec_2893","Kalibagor","Banyumas"
"kec_2894","Banyumas","Banyumas"
"kec_2895","Somagede","Banyumas"
"kec_2896","Kemranjen","Banyumas"
"kec_2897","Sumpiuh","Banyumas"
"kec_2898","Tambak","Banyumas"
"kec_2899","Cilacap Selatan","Cilacap"
"kec_2900","Cilacap Tengah","Cilacap"
"kec_2901","Wanareja","Cilacap"
"kec_2902","Cilacap Utara","Cilacap"
"kec_2903","Jeruklegi","Cilacap"
"kec_2904","Kawunganten","Cilacap"
"kec_2905","Kampung Laut","Cilacap"
"kec_2906","Gandrungmangu","Cilacap"
"kec_2907","Karangpucung","Cilacap"
"kec_2908","Cimanggu","Cilacap"
"kec_2909","Majenang","Cilacap"
"kec_2910","Sidareja","Cilacap"
"kec_2911","Cipari","Cilacap"
"kec_2912","Kedungreja","Cilacap"
"kec_2913","Patimuan","Cilacap"
"kec_2914","Dayeuhluhur","Cilacap"
"kec_2915","Adipala","Cilacap"
"kec_2916","Maos","Cilacap"
"kec_2917","Sampang","Cilacap"
"kec_2918","Kesugihan","Cilacap"
"kec_2919","Binangun","Cilacap"
"kec_2920","Bantarsari","Cilacap"
"kec_2921","Kroya","Cilacap"
"kec_2922","Nusawungu","Cilacap"
"kec_2923","Purbalingga","Purbalingga"
"kec_2924","Kejobong","Purbalingga"
"kec_2925","Kalimanah","Purbalingga"
"kec_2926","Kaligondang","Purbalingga"
"kec_2927","Mrebet","Purbalingga"
"kec_2928","Bobotsari","Purbalingga"
"kec_2929","Kertanegara","Purbalingga"
"kec_2930","Karanganyar","Purbalingga"
"kec_2931","Karangmoncol","Purbalingga"
"kec_2932","Rembang","Purbalingga"
"kec_2933","Karangjambu","Purbalingga"
"kec_2934","Karangreja","Purbalingga"
"kec_2935","Kutasari","Purbalingga"
"kec_2936","Bojongsari","Purbalingga"
"kec_2937","Padamara","Purbalingga"
"kec_2938","Kemangkon","Purbalingga"
"kec_2939","Bukateja","Purbalingga"
"kec_2940","Pengadegan","Purbalingga"
"kec_2941","Banjarnegara","Banjarnegara"
"kec_2942","Pagedongan","Banjarnegara"
"kec_2943","Banjarmangu","Banjarnegara"
"kec_2944","Karangkobar","Banjarnegara"
"kec_2945","Pejawaran","Banjarnegara"
"kec_2946","Pagentan","Banjarnegara"
"kec_2947","Batur","Banjarnegara"
"kec_2948","Wanayasa","Banjarnegara"
"kec_2949","Kalibening","Banjarnegara"
"kec_2950","Pandanarum","Banjarnegara"
"kec_2951","Wanadadi (Wonodadi)","Banjarnegara"
"kec_2952","Punggelan","Banjarnegara"
"kec_2953","Rakit","Banjarnegara"
"kec_2954","Bawang","Banjarnegara"
"kec_2955","Purwonegoro","Banjarnegara"
"kec_2956","Mandiraja","Banjarnegara"
"kec_2957","Purworejo Klampok","Banjarnegara"
"kec_2958","Susukan","Banjarnegara"
"kec_2959","Sigaluh","Banjarnegara"
"kec_2960","Madukara","Banjarnegara"
"kec_2961","Purworejo","Purworejo"
"kec_2962","Butuh","Purworejo"
"kec_2963","Banyuurip","Purworejo"
"kec_2964","Ngombol","Purworejo"
"kec_2965","Purwodadi","Purworejo"
"kec_2966","Bagelen","Purworejo"
"kec_2967","Kaligesing","Purworejo"
"kec_2968","Loano","Purworejo"
"kec_2969","Bener","Purworejo"
"kec_2970","Gebang","Purworejo"
"kec_2971","Kutoarjo","Purworejo"
"kec_2972","Bayan","Purworejo"
"kec_2973","Bruno","Purworejo"
"kec_2974","Kemiri","Purworejo"
"kec_2975","Pituruh","Purworejo"
"kec_2976","Grabag","Purworejo"
"kec_2977","Kebumen","Kebumen"
"kec_2978","Alian/Aliyan","Kebumen"
"kec_2979","Karangsambung","Kebumen"
"kec_2980","Sadang","Kebumen"
"kec_2981","Pejagoan","Kebumen"
"kec_2982","Sruweng","Kebumen"
"kec_2983","Adimulyo","Kebumen"
"kec_2984","Karanganyar","Kebumen"
"kec_2985","Karanggayam","Kebumen"
"kec_2986","Kuwarasan","Kebumen"
"kec_2987","Klirong","Kebumen"
"kec_2988","Petanahan","Kebumen"
"kec_2989","Puring","Kebumen"
"kec_2990","Buluspesantren","Kebumen"
"kec_2991","Ambal","Kebumen"
"kec_2992","Kutowinangun","Kebumen"
"kec_2993","Poncowarno","Kebumen"
"kec_2994","Prembun","Kebumen"
"kec_2995","Padureso","Kebumen"
"kec_2996","Bonorowo","Kebumen"
"kec_2997","Mirit","Kebumen"
"kec_2998","Gombong","Kebumen"
"kec_2999","Sempor","Kebumen"
"kec_3000","Rowokele","Kebumen"
"kec_3001","Ayah","Kebumen"
"kec_3002","Buayan","Kebumen"
"kec_3003","Pakualaman","Yogyakarta"
"kec_3004","Gondomanan","Yogyakarta"
"kec_3005","Kraton","Yogyakarta"
"kec_3006","Mantrijeron","Yogyakarta"
"kec_3007","Mergangsan","Yogyakarta"
"kec_3008","Umbulharjo","Yogyakarta"
"kec_3009","Kotagede","Yogyakarta"
"kec_3010","Kasihan","Bantul"
"kec_3011","Sewon","Bantul"
"kec_3012","Banguntapan","Bantul"
"kec_3013","Danurejan","Yogyakarta"
"kec_3014","Gondokusuman","Yogyakarta"
"kec_3015","Jetis","Yogyakarta"
"kec_3016","Tegalrejo","Yogyakarta"
"kec_3017","Wirobrajan","Yogyakarta"
"kec_3018","Ngampilan","Yogyakarta"
"kec_3019","Godean","Sleman"
"kec_3020","Gedong Tengen","Yogyakarta"
"kec_3021","Depok","Sleman"
"kec_3022","Mlati","Sleman"
"kec_3023","Gamping","Sleman"
"kec_3024","Sleman","Sleman"
"kec_3025","Turi","Sleman"
"kec_3026","Tempel","Sleman"
"kec_3027","Seyegan","Sleman"
"kec_3028","Minggir","Sleman"
"kec_3029","Moyudan","Sleman"
"kec_3030","Kalasan","Sleman"
"kec_3031","Prambanan","Sleman"
"kec_3032","Berbah","Sleman"
"kec_3033","Ngaglik","Sleman"
"kec_3034","Pakem","Sleman"
"kec_3035","Cangkringan","Sleman"
"kec_3036","Ngemplak","Sleman"
"kec_3037","Wates","Kulon Progo"
"kec_3038","Pengasih","Kulon Progo"
"kec_3039","Kokap","Kulon Progo"
"kec_3040","Temon","Kulon Progo"
"kec_3041","Panjatan","Kulon Progo"
"kec_3042","Galur","Kulon Progo"
"kec_3043","Lendah","Kulon Progo"
"kec_3044","Sentolo","Kulon Progo"
"kec_3045","Nanggulan","Kulon Progo"
"kec_3046","Kalibawang","Kulon Progo"
"kec_3047","Samigaluh","Kulon Progo"
"kec_3048","Girimulyo","Kulon Progo"
"kec_3049","Bantul","Bantul"
"kec_3050","Pajangan","Bantul"
"kec_3051","Sedayu","Bantul"
"kec_3052","Pandak","Bantul"
"kec_3053","Srandakan","Bantul"
"kec_3054","Sanden","Bantul"
"kec_3055","Bambang Lipuro","Bantul"
"kec_3056","Pundong","Bantul"
"kec_3057","Kretek","Bantul"
"kec_3058","Jetis","Bantul"
"kec_3059","Imogiri","Bantul"
"kec_3060","Dlingo","Bantul"
"kec_3061","Pleret","Bantul"
"kec_3062","Piyungan","Bantul"
"kec_3063","Wonosari","Gunung Kidul"
"kec_3064","Nglipar","Gunung Kidul"
"kec_3065","Ngawen","Gunung Kidul"
"kec_3066","Semin","Gunung Kidul"
"kec_3067","Playen","Gunung Kidul"
"kec_3068","Patuk","Gunung Kidul"
"kec_3069","Gedang Sari","Gunung Kidul"
"kec_3070","Paliyan","Gunung Kidul"
"kec_3071","Sapto Sari","Gunung Kidul"
"kec_3072","Purwosari","Gunung Kidul"
"kec_3073","Panggang","Gunung Kidul"
"kec_3074","Tanjungsari","Gunung Kidul"
"kec_3075","Tepus","Gunung Kidul"
"kec_3076","Girisubo","Gunung Kidul"
"kec_3077","Rongkop","Gunung Kidul"
"kec_3078","Karangmojo","Gunung Kidul"
"kec_3079","Ponjong","Gunung Kidul"
"kec_3080","Semanu","Gunung Kidul"
"kec_3081","Magelang Tengah","Magelang"
"kec_3082","Magelang Utara","Magelang"
"kec_3083","Magelang Selatan","Magelang"
"kec_3084","Salaman","Magelang"
"kec_3085","Bandongan","Magelang"
"kec_3086","Windusari","Magelang"
"kec_3087","Kaliangkrik","Magelang"
"kec_3088","Tempuran","Magelang"
"kec_3089","Kajoran","Magelang"
"kec_3090","Mertoyudan","Magelang"
"kec_3091","Candimulyo","Magelang"
"kec_3092","Tegalrejo","Magelang"
"kec_3093","Pakis","Magelang"
"kec_3094","Ngablak","Magelang"
"kec_3095","Secang","Magelang"
"kec_3096","Grabag","Magelang"
"kec_3097","Temanggung","Temanggung"
"kec_3098","Kedu","Temanggung"
"kec_3099","Bulu","Temanggung"
"kec_3100","Parakan","Temanggung"
"kec_3101","Ngadirejo","Temanggung"
"kec_3102","Jumo","Temanggung"
"kec_3103","Candiroto","Temanggung"
"kec_3104","Bejen","Temanggung"
"kec_3105","Tretep","Temanggung"
"kec_3106","Tembarak","Temanggung"
"kec_3107","Selopampang","Temanggung"
"kec_3108","Tlogomulyo","Temanggung"
"kec_3109","Kledung","Temanggung"
"kec_3110","Bansari","Temanggung"
"kec_3111","Wonoboyo","Temanggung"
"kec_3112","Kranggan","Temanggung"
"kec_3113","Pringsurat","Temanggung"
"kec_3114","Kandangan","Temanggung"
"kec_3115","Kaloran","Temanggung"
"kec_3116","Gemawang","Temanggung"
"kec_3117","Wonosobo","Wonosobo"
"kec_3118","Kejajar","Wonosobo"
"kec_3119","Mojotengah","Wonosobo"
"kec_3120","Watumalang","Wonosobo"
"kec_3121","Garung","Wonosobo"
"kec_3122","Selomerto","Wonosobo"
"kec_3123","Leksono","Wonosobo"
"kec_3124","Sukoharjo","Wonosobo"
"kec_3125","Kaliwiro","Wonosobo"
"kec_3126","Wadaslintang","Wonosobo"
"kec_3127","Kertek","Wonosobo"
"kec_3128","Kalikajar","Wonosobo"
"kec_3129","Sapuran","Wonosobo"
"kec_3130","Kalibawang","Wonosobo"
"kec_3131","Kepil","Wonosobo"
"kec_3132","Muntilan","Magelang"
"kec_3133","Sawangan","Magelang"
"kec_3134","Borobudur","Magelang"
"kec_3135","Dukun","Magelang"
"kec_3136","Srumbung","Magelang"
"kec_3137","Salam","Magelang"
"kec_3138","Ngluwar","Magelang"
"kec_3139","Mungkid","Magelang"
"kec_3140","Pasar Kliwon","Surakarta (Solo)"
"kec_3141","Jebres","Surakarta (Solo)"
"kec_3142","Banjarsari","Surakarta (Solo)"
"kec_3143","Laweyan","Surakarta (Solo)"
"kec_3144","Serengan","Surakarta (Solo)"
"kec_3145","Kartasura","Sukoharjo"
"kec_3146","Colomadu","Karanganyar"
"kec_3147","Gondangrejo","Karanganyar"
"kec_3148","Sragen","Sragen"
"kec_3149","Karangmalang","Sragen"
"kec_3150","Ngrampal","Sragen"
"kec_3151","Sambung Macan","Sragen"
"kec_3152","Gondang","Sragen"
"kec_3153","Jenar","Sragen"
"kec_3154","Tangen","Sragen"
"kec_3155","Gesi","Sragen"
"kec_3156","Sukodono","Sragen"
"kec_3157","Mondokan","Sragen"
"kec_3158","Sumberlawang","Sragen"
"kec_3159","Gemolong","Sragen"
"kec_3160","Kalijambe","Sragen"
"kec_3161","Miri","Sragen"
"kec_3162","Tanon","Sragen"
"kec_3163","Sidoharjo","Sragen"
"kec_3164","Masaran","Sragen"
"kec_3165","Plupuh","Sragen"
"kec_3166","Kedawung","Sragen"
"kec_3167","Sambirejo","Sragen"
"kec_3168","Boyolali","Boyolali"
"kec_3169","Karanggede","Boyolali"
"kec_3170","Ampel","Boyolali"
"kec_3171","Mojosongo","Boyolali"
"kec_3172","Musuk","Boyolali"
"kec_3173","Cepogo","Boyolali"
"kec_3174","Selo","Boyolali"
"kec_3175","Teras","Boyolali"
"kec_3176","Banyudono","Boyolali"
"kec_3177","Sawit","Boyolali"
"kec_3178","Ngemplak","Boyolali"
"kec_3179","Sambi","Boyolali"
"kec_3180","Simo","Boyolali"
"kec_3181","Nogosari","Boyolali"
"kec_3182","Wonosegoro","Boyolali"
"kec_3183","Kemusu","Boyolali"
"kec_3184","Andong","Boyolali"
"kec_3185","Klego","Boyolali"
"kec_3186","Juwangi","Boyolali"
"kec_3187","Klaten Tengah","Klaten"
"kec_3188","Klaten Selatan","Klaten"
"kec_3189","Klaten Utara","Klaten"
"kec_3190","Kalikotes","Klaten"
"kec_3191","Jogonalan","Klaten"
"kec_3192","Prambanan","Klaten"
"kec_3193","Gantiwarno","Klaten"
"kec_3194","Wedi","Klaten"
"kec_3195","Bayat","Klaten"
"kec_3196","Cawas","Klaten"
"kec_3197","Karangdowo","Klaten"
"kec_3198","Ceper","Klaten"
"kec_3199","Ngawen","Klaten"
"kec_3200","Trucuk","Klaten"
"kec_3201","Pedan","Klaten"
"kec_3202","Delanggu","Klaten"
"kec_3203","Juwiring","Klaten"
"kec_3204","Wonosari","Klaten"
"kec_3205","Polanharjo","Klaten"
"kec_3206","Karanganom","Klaten"
"kec_3207","Jatinom","Klaten"
"kec_3208","Tulung","Klaten"
"kec_3209","Karangnongko","Klaten"
"kec_3210","Kemalang","Klaten"
"kec_3211","Manisrenggo","Klaten"
"kec_3212","Kebonarum","Klaten"
"kec_3213","Sukoharjo","Sukoharjo"
"kec_3214","Polokarto","Sukoharjo"
"kec_3215","Bendosari","Sukoharjo"
"kec_3216","Grogol","Sukoharjo"
"kec_3217","Mojolaban","Sukoharjo"
"kec_3218","Baki","Sukoharjo"
"kec_3219","Gatak","Sukoharjo"
"kec_3220","Tawangsari","Sukoharjo"
"kec_3221","Weru","Sukoharjo"
"kec_3222","Bulu","Sukoharjo"
"kec_3223","Nguter","Sukoharjo"
"kec_3224","Wonogiri","Wonogiri"
"kec_3225","Selogiri","Wonogiri"
"kec_3226","Wuryantoro","Wonogiri"
"kec_3227","Manyaran","Wonogiri"
"kec_3228","Eromoko","Wonogiri"
"kec_3229","Pracimantoro","Wonogiri"
"kec_3230","Nguntoronadi","Wonogiri"
"kec_3231","Tirtomoyo","Wonogiri"
"kec_3232","Baturetno","Wonogiri"
"kec_3233","Batuwarno","Wonogiri"
"kec_3234","Giriwoyo","Wonogiri"
"kec_3235","Karangtengah","Wonogiri"
"kec_3236","Giritontro","Wonogiri"
"kec_3237","Paranggupito","Wonogiri"
"kec_3238","Ngadirojo","Wonogiri"
"kec_3239","Sidoharjo","Wonogiri"
"kec_3240","Girimarto","Wonogiri"
"kec_3241","Jatisrono","Wonogiri"
"kec_3242","Jatiroto","Wonogiri"
"kec_3243","Jatipurno","Wonogiri"
"kec_3244","Slogohimo","Wonogiri"
"kec_3245","Purwantoro","Wonogiri"
"kec_3246","Kismantoro","Wonogiri"
"kec_3247","Bulukerto","Wonogiri"
"kec_3248","Puhpelem","Wonogiri"
"kec_3249","Karanganyar","Karanganyar"
"kec_3250","Kerjo","Karanganyar"
"kec_3251","Karangpandan","Karanganyar"
"kec_3252","Jumapolo","Karanganyar"
"kec_3253","Mojogedang","Karanganyar"
"kec_3254","Tasikmadu","Karanganyar"
"kec_3255","Jaten","Karanganyar"
"kec_3256","Ngargoyoso","Karanganyar"
"kec_3257","Kebakkramat","Karanganyar"
"kec_3258","Matesih","Karanganyar"
"kec_3259","Jumantono","Karanganyar"
"kec_3260","Jatipuro","Karanganyar"
"kec_3261","Jatiyoso","Karanganyar"
"kec_3262","Tawangmangu","Karanganyar"
"kec_3263","Jenawi","Karanganyar"
"kec_3264","Purwodadi","Grobogan"
"kec_3265","Grobogan","Grobogan"
"kec_3266","Brati","Grobogan"
"kec_3267","Klambu","Grobogan"
"kec_3268","Penawangan","Grobogan"
"kec_3269","Godong","Grobogan"
"kec_3270","Karangrayung","Grobogan"
"kec_3271","Gubug","Grobogan"
"kec_3272","Tegowanu","Grobogan"
"kec_3273","Tanggungharjo","Grobogan"
"kec_3274","Kedungjati","Grobogan"
"kec_3275","Toroh","Grobogan"
"kec_3276","Geyer","Grobogan"
"kec_3277","Pulokulon","Grobogan"
"kec_3278","Kradenan","Grobogan"
"kec_3279","Gabus","Grobogan"
"kec_3280","Tawangharjo","Grobogan"
"kec_3281","Wirosari","Grobogan"
"kec_3282","Ngaringan","Grobogan"
"kec_3283","Blora kota","Blora"
"kec_3284","Tunjungan","Blora"
"kec_3285","Banjarejo","Blora"
"kec_3286","Ngawen","Blora"
"kec_3287","Kunduran","Blora"
"kec_3288","Todanan","Blora"
"kec_3289","Japah","Blora"
"kec_3290","Jepon","Blora"
"kec_3291","Bogorejo","Blora"
"kec_3292","Cepu","Blora"
"kec_3293","Sambong","Blora"
"kec_3294","Jiken","Blora"
"kec_3295","Kedungtuban","Blora"
"kec_3296","Randublatung","Blora"
"kec_3297","Kradenan","Blora"
"kec_3298","Jati","Blora"
"kec_3299","Pati","Pati"
"kec_3300","Wedarijaksa","Pati"
"kec_3301","Trangkil","Pati"
"kec_3302","Margoyoso","Pati"
"kec_3303","Tayu","Pati"
"kec_3304","Gunungwungkal","Pati"
"kec_3305","Cluwak","Pati"
"kec_3306","Dukuhseti","Pati"
"kec_3307","Tlogowungu","Pati"
"kec_3308","Gembong","Pati"
"kec_3309","Margorejo","Pati"
"kec_3310","Kayen","Pati"
"kec_3311","Sukolilo","Pati"
"kec_3312","Gabus","Pati"
"kec_3313","Tambakromo","Pati"
"kec_3314","Winong","Pati"
"kec_3315","Jakenan","Pati"
"kec_3316","Pucakwangi","Pati"
"kec_3317","Jaken","Pati"
"kec_3318","Juwana","Pati"
"kec_3319","Batangan","Pati"
"kec_3320","Rembang","Rembang"
"kec_3321","Kaliori","Rembang"
"kec_3322","Sumber","Rembang"
"kec_3323","Sulang","Rembang"
"kec_3324","Bulu","Rembang"
"kec_3325","Pamotan","Rembang"
"kec_3326","Pancur","Rembang"
"kec_3327","Gunem","Rembang"
"kec_3328","Sedan","Rembang"
"kec_3329","Sale","Rembang"
"kec_3330","Lasem","Rembang"
"kec_3331","Sluke","Rembang"
"kec_3332","Kragan","Rembang"
"kec_3333","Sarang","Rembang"
"kec_3334","Kudus Kota","Kudus"
"kec_3335","Bae","Kudus"
"kec_3336","Kaliwungu","Kudus"
"kec_3337","Gebog","Kudus"
"kec_3338","Jati","Kudus"
"kec_3339","Dawe","Kudus"
"kec_3340","Undaan","Kudus"
"kec_3341","Mejobo","Kudus"
"kec_3342","Jekulo","Kudus"
"kec_3343","Jepara","Jepara"
"kec_3344","Tahunan","Jepara"
"kec_3345","Pakis Aji","Jepara"
"kec_3346","Mlonggo","Jepara"
"kec_3347","Kembang","Jepara"
"kec_3348","Bangsri","Jepara"
"kec_3349","Donorojo","Jepara"
"kec_3350","Keling","Jepara"
"kec_3351","Karimunjawa","Jepara"
"kec_3352","Batealit","Jepara"
"kec_3353","Kalinyamatan","Jepara"
"kec_3354","Pecangaan","Jepara"
"kec_3355","Kedung","Jepara"
"kec_3356","Welahan","Jepara"
"kec_3357","Mayong","Jepara"
"kec_3358","Nalumsari","Jepara"
"kec_3359","Demak","Demak"
"kec_3360","Bonang","Demak"
"kec_3361","Wedung","Demak"
"kec_3362","Karang Tengah","Demak"
"kec_3363","Sayung","Demak"
"kec_3364","Guntur","Demak"
"kec_3365","Karangawen","Demak"
"kec_3366","Mranggen","Demak"
"kec_3367","Wonosalam","Demak"
"kec_3368","Dempet","Demak"
"kec_3369","Gajah","Demak"
"kec_3370","Karanganyar","Demak"
"kec_3371","Kebonagung","Demak"
"kec_3372","Mijen","Demak"
"kec_3373","Sukolilo","Surabaya"
"kec_3374","Mulyorejo","Surabaya"
"kec_3375","Bulak","Surabaya"
"kec_3376","Kenjeran","Surabaya"
"kec_3377","Tambaksari","Surabaya"
"kec_3378","Simokerto","Surabaya"
"kec_3379","Semampir","Surabaya"
"kec_3380","Pabean Cantikan","Surabaya"
"kec_3381","Bubutan","Surabaya"
"kec_3382","Krembangan","Surabaya"
"kec_3383","Asemrowo","Surabaya"
"kec_3384","Tandes","Surabaya"
"kec_3385","Sukomanunggal","Surabaya"
"kec_3386","Benowo","Surabaya"
"kec_3387","Pakal","Surabaya"
"kec_3388","Sambikerep","Surabaya"
"kec_3389","Lakar Santri","Surabaya"
"kec_3390","Karangpilang","Surabaya"
"kec_3391","Wiyung","Surabaya"
"kec_3392","Dukuh Pakis","Surabaya"
"kec_3393","Gayungan","Surabaya"
"kec_3394","Jambangan","Surabaya"
"kec_3395","Wonocolo","Surabaya"
"kec_3396","Wonokromo","Surabaya"
"kec_3397","Sawahan","Surabaya"
"kec_3398","Tegalsari","Surabaya"
"kec_3399","Genteng","Surabaya"
"kec_3400","Gubeng","Surabaya"
"kec_3401","Tenggilis Mejoyo","Surabaya"
"kec_3402","Rungkut","Surabaya"
"kec_3403","Gununganyar","Surabaya"
"kec_3404","Gresik","Gresik"
"kec_3405","Kebomas","Gresik"
"kec_3406","Manyar","Gresik"
"kec_3407","Bungah","Gresik"
"kec_3408","Sidayu","Gresik"
"kec_3409","Ujung Pangkah","Gresik"
"kec_3410","Dukun","Gresik"
"kec_3411","Panceng","Gresik"
"kec_3412","Duduk Sampeyan","Gresik"
"kec_3413","Cerme","Gresik"
"kec_3414","Benjeng","Gresik"
"kec_3415","Balong Panggang","Gresik"
"kec_3416","Menganti","Gresik"
"kec_3417","Kedamean","Gresik"
"kec_3418","Wringin Anom","Gresik"
"kec_3419","Driyorejo","Gresik"
"kec_3420","Sangkapura","Gresik"
"kec_3421","Tambak","Gresik"
"kec_3422","Taman","Sidoarjo"
"kec_3423","Sidoarjo","Sidoarjo"
"kec_3424","Sukodono","Sidoarjo"
"kec_3425","Buduran","Sidoarjo"
"kec_3426","Sedati","Sidoarjo"
"kec_3427","Gedangan","Sidoarjo"
"kec_3428","Waru","Sidoarjo"
"kec_3429","Wonoayu","Sidoarjo"
"kec_3430","Krian","Sidoarjo"
"kec_3431","Balongbendo","Sidoarjo"
"kec_3432","Prambon","Sidoarjo"
"kec_3433","Tarik","Sidoarjo"
"kec_3434","Candi","Sidoarjo"
"kec_3435","Tanggulangin","Sidoarjo"
"kec_3436","Tulangan","Sidoarjo"
"kec_3437","Porong","Sidoarjo"
"kec_3438","Krembung","Sidoarjo"
"kec_3439","Jabon","Sidoarjo"
"kec_3440","Magersari","Mojokerto"
"kec_3441","Prajurit Kulon","Mojokerto"
"kec_3442","Gedeg","Mojokerto"
"kec_3443","Jetis","Mojokerto"
"kec_3444","Kemlagi","Mojokerto"
"kec_3445","Dawar Blandong","Mojokerto"
"kec_3446","Sooko","Mojokerto"
"kec_3447","Trowulan","Mojokerto"
"kec_3448","Puri","Mojokerto"
"kec_3449","Mojoanyar","Mojokerto"
"kec_3450","Dlanggu","Mojokerto"
"kec_3451","Gondang","Mojokerto"
"kec_3452","Jatirejo","Mojokerto"
"kec_3453","Pacet","Mojokerto"
"kec_3454","Trawas","Mojokerto"
"kec_3455","Bangsal","Mojokerto"
"kec_3456","Mojosari","Mojokerto"
"kec_3457","Kutorejo","Mojokerto"
"kec_3458","Pungging","Mojokerto"
"kec_3459","Ngoro","Mojokerto"
"kec_3460","Jombang","Jombang"
"kec_3461","Tembelang","Jombang"
"kec_3462","Ploso","Jombang"
"kec_3463","Ngusikan","Jombang"
"kec_3464","Kudu","Jombang"
"kec_3465","Kabuh","Jombang"
"kec_3466","Plandaan","Jombang"
"kec_3467","Megaluh","Jombang"
"kec_3468","Perak","Jombang"
"kec_3469","Bandar Kedung Mulyo","Jombang"
"kec_3470","Gudo","Jombang"
"kec_3471","Diwek","Jombang"
"kec_3472","Ngoro","Jombang"
"kec_3473","Bareng","Jombang"
"kec_3474","Mojowarno","Jombang"
"kec_3475","Wonosalam","Jombang"
"kec_3476","Peterongan","Jombang"
"kec_3477","Mojoagung","Jombang"
"kec_3478","Sumobito","Jombang"
"kec_3479","Kesamben","Jombang"
"kec_3480","Jogoroto","Jombang"
"kec_3481","Bojonegoro","Bojonegoro"
"kec_3482","Gayam","Bojonegoro"
"kec_3483","Kalitidu","Bojonegoro"
"kec_3484","Malo","Bojonegoro"
"kec_3485","Ngasem","Bojonegoro"
"kec_3486","Trucuk","Bojonegoro"
"kec_3487","Purwosari","Bojonegoro"
"kec_3488","Padangan","Bojonegoro"
"kec_3489","Kasiman","Bojonegoro"
"kec_3490","Kedewan","Bojonegoro"
"kec_3491","Ngraho","Bojonegoro"
"kec_3492","Tambakrejo","Bojonegoro"
"kec_3493","Sekar","Bojonegoro"
"kec_3494","Ngambon","Bojonegoro"
"kec_3495","Margomulyo","Bojonegoro"
"kec_3496","Balen","Bojonegoro"
"kec_3497","Dander","Bojonegoro"
"kec_3498","Bubulan","Bojonegoro"
"kec_3499","Gondang","Bojonegoro"
"kec_3500","Kapas","Bojonegoro"
"kec_3501","Sugihwaras","Bojonegoro"
"kec_3502","Sukosewu","Bojonegoro"
"kec_3503","Temayang","Bojonegoro"
"kec_3504","Sumberrejo","Bojonegoro"
"kec_3505","Baureno","Bojonegoro"
"kec_3506","Kanor","Bojonegoro"
"kec_3507","Kepoh Baru","Bojonegoro"
"kec_3508","Kedungadem","Bojonegoro"
"kec_3509","Lamongan","Lamongan"
"kec_3510","Turi","Lamongan"
"kec_3511","Sukodadi","Lamongan"
"kec_3512","Karang Geneng","Lamongan"
"kec_3513","Kalitengah","Lamongan"
"kec_3514","Sugio","Lamongan"
"kec_3515","Pucuk","Lamongan"
"kec_3516","Sekaran","Lamongan"
"kec_3517","Maduran","Lamongan"
"kec_3518","Laren","Lamongan"
"kec_3519","Brondong","Lamongan"
"kec_3520","Paciran","Lamongan"
"kec_3521","Solokuro","Lamongan"
"kec_3522","Babat","Lamongan"
"kec_3523","Kedungpring","Lamongan"
"kec_3524","Ngimbang","Lamongan"
"kec_3525","Bluluk","Lamongan"
"kec_3526","Modo","Lamongan"
"kec_3527","Sukorame","Lamongan"
"kec_3528","Tikung","Lamongan"
"kec_3529","Sarirejo","Lamongan"
"kec_3530","Kembangbahu","Lamongan"
"kec_3531","Mantup","Lamongan"
"kec_3532","Sambeng","Lamongan"
"kec_3533","Deket","Lamongan"
"kec_3534","Glagah","Lamongan"
"kec_3535","Karangbinangun","Lamongan"
"kec_3536","Tuban","Tuban"
"kec_3537","Jenu","Tuban"
"kec_3538","Tambakboyo","Tuban"
"kec_3539","Bancar","Tuban"
"kec_3540","Merakurak","Tuban"
"kec_3541","Kerek","Tuban"
"kec_3542","Montong","Tuban"
"kec_3543","Singgahan","Tuban"
"kec_3544","Jatirogo","Tuban"
"kec_3545","Kenduruan","Tuban"
"kec_3546","Bangilan","Tuban"
"kec_3547","Senori","Tuban"
"kec_3548","Parengan","Tuban"
"kec_3549","Rengel","Tuban"
"kec_3550","Grabagan","Tuban"
"kec_3551","Soko","Tuban"
"kec_3552","Semanding","Tuban"
"kec_3553","Plumpang","Tuban"
"kec_3554","Widang","Tuban"
"kec_3555","Palang","Tuban"
"kec_3556","Kartoharjo","Madiun"
"kec_3557","Mejayan","Madiun"
"kec_3558","Manguharjo","Madiun"
"kec_3559","Taman","Madiun"
"kec_3560","Barat","Magetan"
"kec_3561","Madiun","Madiun"
"kec_3562","Balerejo","Madiun"
"kec_3563","Pilangkenceng","Madiun"
"kec_3564","Saradan","Madiun"
"kec_3565","Gemarang","Madiun"
"kec_3566","Wonoasri","Madiun"
"kec_3567","Jiwan","Madiun"
"kec_3568","Sawahan","Madiun"
"kec_3569","Geger","Madiun"
"kec_3570","Dagangan","Madiun"
"kec_3571","Kebonsari","Madiun"
"kec_3572","Dolopo","Madiun"
"kec_3573","Wungu","Madiun"
"kec_3574","Kare","Madiun"
"kec_3575","Ngawi","Ngawi"
"kec_3576","Pitu","Ngawi"
"kec_3577","Paron","Ngawi"
"kec_3578","Kedunggalar","Ngawi"
"kec_3579","Widodaren","Ngawi"
"kec_3580","Karanganyar","Ngawi"
"kec_3581","Kendal","Ngawi"
"kec_3582","Mantingan","Ngawi"
"kec_3583","Jogorogo","Ngawi"
"kec_3584","Ngrambe","Ngawi"
"kec_3585","Sine","Ngawi"
"kec_3586","Geneng","Ngawi"
"kec_3587","Gerih","Ngawi"
"kec_3588","Padas","Ngawi"
"kec_3589","Kasreman","Ngawi"
"kec_3590","Pangkur","Ngawi"
"kec_3591","Kwadungan","Ngawi"
"kec_3592","Karangjati","Ngawi"
"kec_3593","Bringin","Ngawi"
"kec_3594","Magetan","Magetan"
"kec_3595","Sidorejo","Magetan"
"kec_3596","Ngariboyo","Magetan"
"kec_3597","Panekan","Magetan"
"kec_3598","Plaosan","Magetan"
"kec_3599","Poncol","Magetan"
"kec_3600","Parang","Magetan"
"kec_3601","Lembeyan","Magetan"
"kec_3602","Kawedanan","Magetan"
"kec_3603","Nguntoronadi","Magetan"
"kec_3604","Takeran","Magetan"
"kec_3605","Bendo","Magetan"
"kec_3606","Sukomoro","Magetan"
"kec_3607","Maospati","Magetan"
"kec_3608","Karangrejo","Magetan"
"kec_3609","Kartoharjo (Kertoharjo)","Magetan"
"kec_3610","Karas","Magetan"
"kec_3611","Ponorogo","Ponorogo"
"kec_3612","Pudak","Ponorogo"
"kec_3613","Kauman","Ponorogo"
"kec_3614","Sukorejo","Ponorogo"
"kec_3615","Sampung","Ponorogo"
"kec_3616","Badegan","Ponorogo"
"kec_3617","Jambon","Ponorogo"
"kec_3618","Balong","Ponorogo"
"kec_3619","Bungkal","Ponorogo"
"kec_3620","Slahung","Ponorogo"
"kec_3621","Ngrayun","Ponorogo"
"kec_3622","Siman","Ponorogo"
"kec_3623","Mlarak","Ponorogo"
"kec_3624","Jetis","Ponorogo"
"kec_3625","Sambit","Ponorogo"
"kec_3626","Sawoo","Ponorogo"
"kec_3627","Pulung","Ponorogo"
"kec_3628","Sooko","Ponorogo"
"kec_3629","Babadan","Ponorogo"
"kec_3630","Jenangan","Ponorogo"
"kec_3631","Ngebel","Ponorogo"
"kec_3632","Pacitan","Pacitan"
"kec_3633","Pringkuku","Pacitan"
"kec_3634","Punung","Pacitan"
"kec_3635","Donorojo","Pacitan"
"kec_3636","Kebon Agung","Pacitan"
"kec_3637","Tulakan","Pacitan"
"kec_3638","Ngadirojo","Pacitan"
"kec_3639","Sudimoro","Pacitan"
"kec_3640","Arjosari","Pacitan"
"kec_3641","Tegalombo","Pacitan"
"kec_3642","Bandar","Pacitan"
"kec_3643","Nawangan","Pacitan"
"kec_3644","Mojoroto","Kediri"
"kec_3645","Gurah","Kediri"
"kec_3646","Kediri Kota","Kediri"
"kec_3647","Pesantren","Kediri"
"kec_3648","Kandat","Kediri"
"kec_3649","Grogol","Kediri"
"kec_3650","Tarokan","Kediri"
"kec_3651","Papar","Kediri"
"kec_3652","Purwoasri","Kediri"
"kec_3653","Plemahan","Kediri"
"kec_3654","Kunjang","Kediri"
"kec_3655","Ngancar","Kediri"
"kec_3656","Banyakan","Kediri"
"kec_3657","Semen","Kediri"
"kec_3658","Mojo","Kediri"
"kec_3659","Ngadiluwih","Kediri"
"kec_3660","Kras","Kediri"
"kec_3661","Wates","Kediri"
"kec_3662","Plosoklaten","Kediri"
"kec_3663","Ringinrejo","Kediri"
"kec_3664","Ngasem","Kediri"
"kec_3665","Gampengrejo","Kediri"
"kec_3666","Kayen Kidul","Kediri"
"kec_3667","Pagu","Kediri"
"kec_3668","Pare","Kediri"
"kec_3669","Badas","Kediri"
"kec_3670","Puncu","Kediri"
"kec_3671","Kepung","Kediri"
"kec_3672","Kandangan","Kediri"
"kec_3673","Kertosono","Nganjuk"
"kec_3674","Patianrowo","Nganjuk"
"kec_3675","Jatikalen","Nganjuk"
"kec_3676","Lengkong","Nganjuk"
"kec_3677","Baron","Nganjuk"
"kec_3678","Ngronggot","Nganjuk"
"kec_3679","Nganjuk","Nganjuk"
"kec_3680","Gondang","Nganjuk"
"kec_3681","Pace","Nganjuk"
"kec_3682","Ngluyu","Nganjuk"
"kec_3683","Rejoso","Nganjuk"
"kec_3684","Bagor","Nganjuk"
"kec_3685","Wilangan","Nganjuk"
"kec_3686","Loceret","Nganjuk"
"kec_3687","Berbek","Nganjuk"
"kec_3688","Ngetos","Nganjuk"
"kec_3689","Sawahan","Nganjuk"
"kec_3690","Sukomoro","Nganjuk"
"kec_3691","Tanjunganom","Nganjuk"
"kec_3692","Prambon","Nganjuk"
"kec_3693","Klojen","Malang"
"kec_3694","Blimbing","Malang"
"kec_3695","Kedungkandang","Malang"
"kec_3696","Lowokwaru","Malang"
"kec_3697","Sukun","Malang"
"kec_3698","Dau","Malang"
"kec_3699","Karangploso","Malang"
"kec_3700","Singosari","Malang"
"kec_3701","Pakis","Malang"
"kec_3702","Jabung","Malang"
"kec_3703","Tumpang","Malang"
"kec_3704","Poncokusumo","Malang"
"kec_3705","Wagir","Malang"
"kec_3706","Pakisaji","Malang"
"kec_3707","Kepanjen","Malang"
"kec_3708","Ngajung (Ngajum)","Malang"
"kec_3709","Wonosari","Malang"
"kec_3710","Kromengan","Malang"
"kec_3711","Sumberpucung","Malang"
"kec_3712","Kalipare","Malang"
"kec_3713","Donomulyo","Malang"
"kec_3714","Pagak","Malang"
"kec_3715","Bululawang","Malang"
"kec_3716","Tajinan","Malang"
"kec_3717","Wajak","Malang"
"kec_3718","Pagelaran","Malang"
"kec_3719","Gondanglegi","Malang"
"kec_3720","Turen","Malang"
"kec_3721","Sumbermanjing Wetan","Malang"
"kec_3722","Gedangan","Malang"
"kec_3723","Bantur","Malang"
"kec_3724","Dampit","Malang"
"kec_3725","Tirtoyudo","Malang"
"kec_3726","Ampelgading","Malang"
"kec_3727","Lawang","Malang"
"kec_3728","Batu","Batu"
"kec_3729","Junrejo","Batu"
"kec_3730","Bumiaji","Batu"
"kec_3731","Pujon","Malang"
"kec_3732","Ngantang","Malang"
"kec_3733","Kasembon","Malang"
"kec_3734","Kepanjen Kidul","Blitar"
"kec_3735","Sukorejo","Blitar"
"kec_3736","Sanan Wetan","Blitar"
"kec_3737","Sanan Kulon","Blitar"
"kec_3738","Srengat","Blitar"
"kec_3739","Ponggok","Blitar"
"kec_3740","Udanawu","Blitar"
"kec_3741","Wonodadi","Blitar"
"kec_3742","Kademangan","Blitar"
"kec_3743","Bakung","Blitar"
"kec_3744","Kanigoro","Blitar"
"kec_3745","Sutojayan","Blitar"
"kec_3746","Wonotirto","Blitar"
"kec_3747","Panggungrejo","Blitar"
"kec_3748","Nglegok","Blitar"
"kec_3749","Garum","Blitar"
"kec_3750","Talun","Blitar"
"kec_3751","Wlingi","Blitar"
"kec_3752","Selopuro","Blitar"
"kec_3753","Doko","Blitar"
"kec_3754","Gandusari","Blitar"
"kec_3755","Kesamben","Blitar"
"kec_3756","Selorejo","Blitar"
"kec_3757","Binangun","Blitar"
"kec_3758","Wates","Blitar"
"kec_3759","Tulungagung","Tulungagung"
"kec_3760","Kedungwaru","Tulungagung"
"kec_3761","Boyolangu","Tulungagung"
"kec_3762","Ngantru","Tulungagung"
"kec_3763","Karang Rejo","Tulungagung"
"kec_3764","Sendang","Tulungagung"
"kec_3765","Kauman","Tulungagung"
"kec_3766","Pagerwojo","Tulungagung"
"kec_3767","Gondang","Tulungagung"
"kec_3768","Campur Darat","Tulungagung"
"kec_3769","Pakel","Tulungagung"
"kec_3770","Bandung","Tulungagung"
"kec_3771","Besuki","Tulungagung"
"kec_3772","Kalidawir","Tulungagung"
"kec_3773","Tanggung Gunung","Tulungagung"
"kec_3774","Pucanglaban","Tulungagung"
"kec_3775","Sumbergempol","Tulungagung"
"kec_3776","Ngunut","Tulungagung"
"kec_3777","Rejotangan","Tulungagung"
"kec_3778","Trenggalek","Trenggalek"
"kec_3779","Tugu","Trenggalek"
"kec_3780","Bendungan","Trenggalek"
"kec_3781","Karangan","Trenggalek"
"kec_3782","Suruh","Trenggalek"
"kec_3783","Pule","Trenggalek"
"kec_3784","Dongko","Trenggalek"
"kec_3785","Panggul","Trenggalek"
"kec_3786","Munjungan","Trenggalek"
"kec_3787","Pogalan","Trenggalek"
"kec_3788","Gandusari","Trenggalek"
"kec_3789","Kampak","Trenggalek"
"kec_3790","Durenan","Trenggalek"
"kec_3791","Watulimo","Trenggalek"
"kec_3792","Panggungrejo","Pasuruan"
"kec_3793","Purworejo","Pasuruan"
"kec_3794","Bugul Kidul","Pasuruan"
"kec_3795","Gadingrejo","Pasuruan"
"kec_3796","Kraton","Pasuruan"
"kec_3797","Rembang","Pasuruan"
"kec_3798","Bangil","Pasuruan"
"kec_3799","Beji","Pasuruan"
"kec_3800","Gempol","Pasuruan"
"kec_3801","Pandaan","Pasuruan"
"kec_3802","Prigen","Pasuruan"
"kec_3803","Sukorejo","Pasuruan"
"kec_3804","Purwosari","Pasuruan"
"kec_3805","Purwodadi","Pasuruan"
"kec_3806","Tutur","Pasuruan"
"kec_3807","Pohjentrek","Pasuruan"
"kec_3808","Kejayan","Pasuruan"
"kec_3809","Wonorejo","Pasuruan"
"kec_3810","Gondang Wetan","Pasuruan"
"kec_3811","Pasrepan","Pasuruan"
"kec_3812","Puspo","Pasuruan"
"kec_3813","Tosari","Pasuruan"
"kec_3814","Rejoso","Pasuruan"
"kec_3815","Winongan","Pasuruan"
"kec_3816","Lumbang","Pasuruan"
"kec_3817","Grati","Pasuruan"
"kec_3818","Nguling","Pasuruan"
"kec_3819","Lekok","Pasuruan"
"kec_3820","Kanigaran","Probolinggo"
"kec_3821","Mayangan","Probolinggo"
"kec_3822","Kademangan","Probolinggo"
"kec_3823","Kedopok (Kedopak)","Probolinggo"
"kec_3824","Wonoasih","Probolinggo"
"kec_3825","Sumberasih","Probolinggo"
"kec_3826","Tongas","Probolinggo"
"kec_3827","Wonomerto","Probolinggo"
"kec_3828","Sukapura","Probolinggo"
"kec_3829","Lumbang","Probolinggo"
"kec_3830","Bantaran","Probolinggo"
"kec_3831","Kuripan","Probolinggo"
"kec_3832","Sumber","Probolinggo"
"kec_3833","Dringu","Probolinggo"
"kec_3834","Gending","Probolinggo"
"kec_3835","Leces","Probolinggo"
"kec_3836","Tegal Siwalan","Probolinggo"
"kec_3837","Banyu Anyar","Probolinggo"
"kec_3838","Maron","Probolinggo"
"kec_3839","Pajarakan","Probolinggo"
"kec_3840","Kraksaan","Probolinggo"
"kec_3841","Besuk","Probolinggo"
"kec_3842","Krejengan","Probolinggo"
"kec_3843","Tiris","Probolinggo"
"kec_3844","Krucil","Probolinggo"
"kec_3845","Paiton","Probolinggo"
"kec_3846","Pakuniran","Probolinggo"
"kec_3847","Gading","Probolinggo"
"kec_3848","Kota Anyar","Probolinggo"
"kec_3849","Lumajang","Lumajang"
"kec_3850","Sumbersuko","Lumajang"
"kec_3851","Padang","Lumajang"
"kec_3852","Sukodono","Lumajang"
"kec_3853","Gucialit","Lumajang"
"kec_3854","Randuagung","Lumajang"
"kec_3855","Jatiroto","Lumajang"
"kec_3856","Klakah","Lumajang"
"kec_3857","Ranuyoso","Lumajang"
"kec_3858","Kedungjajang","Lumajang"
"kec_3859","Rowokangkung","Lumajang"
"kec_3860","Senduro","Lumajang"
"kec_3861","Pasrujambe/Pasujambe","Lumajang"
"kec_3862","Tempeh","Lumajang"
"kec_3863","Pasirian","Lumajang"
"kec_3864","Candipuro","Lumajang"
"kec_3865","Pronojiwo","Lumajang"
"kec_3866","Tempursari","Lumajang"
"kec_3867","Tekung","Lumajang"
"kec_3868","Yosowilangun","Lumajang"
"kec_3869","Kunir","Lumajang"
"kec_3870","Patrang","Jember"
"kec_3871","Kalisat","Jember"
"kec_3872","Mayang","Jember"
"kec_3873","Sumber Sari","Jember"
"kec_3874","Kaliwates","Jember"
"kec_3875","Ambulu","Jember"
"kec_3876","Sukorambi","Jember"
"kec_3877","Rambipuji","Jember"
"kec_3878","Panti","Jember"
"kec_3879","Bangsalsari","Jember"
"kec_3880","Tanggul","Jember"
"kec_3881","Sumber Baru","Jember"
"kec_3882","Semboro","Jember"
"kec_3883","Balung","Jember"
"kec_3884","Wuluhan","Jember"
"kec_3885","Puger","Jember"
"kec_3886","Gumuk Mas","Jember"
"kec_3887","Umbulsari","Jember"
"kec_3888","Kencong","Jember"
"kec_3889","Jombang","Jember"
"kec_3890","Jenggawah","Jember"
"kec_3891","Tempurejo","Jember"
"kec_3892","Mumbulsari","Jember"
"kec_3893","Ajung","Jember"
"kec_3894","Pakusari","Jember"
"kec_3895","Silo","Jember"
"kec_3896","Arjasa","Jember"
"kec_3897","Jelbuk","Jember"
"kec_3898","Sukowono","Jember"
"kec_3899","Sumber Jambe","Jember"
"kec_3900","Ledokombo","Jember"
"kec_3901","Bondowoso","Bondowoso"
"kec_3902","Binakal","Bondowoso"
"kec_3903","Curahdami","Bondowoso"
"kec_3904","Wringin","Bondowoso"
"kec_3905","Pakem","Bondowoso"
"kec_3906","Grujugan","Bondowoso"
"kec_3907","Cermee","Bondowoso"
"kec_3908","Jambe Sari Darus Sholah","Bondowoso"
"kec_3909","Maesan","Bondowoso"
"kec_3910","Tamanan","Bondowoso"
"kec_3911","Pujer","Bondowoso"
"kec_3912","Tlogosari","Bondowoso"
"kec_3913","Tenggarang","Bondowoso"
"kec_3914","Wonosari","Bondowoso"
"kec_3915","Tapen","Bondowoso"
"kec_3916","Klabang","Bondowoso"
"kec_3917","Botolinggo","Bondowoso"
"kec_3918","Prajekan","Bondowoso"
"kec_3919","Sukosari","Bondowoso"
"kec_3920","Sumber Wringin","Bondowoso"
"kec_3921","Sempol","Bondowoso"
"kec_3922","Taman Krocok","Bondowoso"
"kec_3923","Tegalampel","Bondowoso"
"kec_3924","Situbondo","Situbondo"
"kec_3925","Panji","Situbondo"
"kec_3926","Panarukan","Situbondo"
"kec_3927","Kendit","Situbondo"
"kec_3928","Mlandingan","Situbondo"
"kec_3929","Suboh","Situbondo"
"kec_3930","Sumbermalang","Situbondo"
"kec_3931","Besuki","Situbondo"
"kec_3932","Jatibanteng","Situbondo"
"kec_3933","Bungatan","Situbondo"
"kec_3934","Banyuglugur","Situbondo"
"kec_3935","Kapongan","Situbondo"
"kec_3936","Mangaran","Situbondo"
"kec_3937","Arjasa","Situbondo"
"kec_3938","Jangkar","Situbondo"
"kec_3939","Asembagus","Situbondo"
"kec_3940","Banyuputih","Situbondo"
"kec_3941","Banyuwangi","Banyuwangi"
"kec_3942","Kalipuro","Banyuwangi"
"kec_3943","Giri","Banyuwangi"
"kec_3944","Glagah","Banyuwangi"
"kec_3945","Wongsorejo","Banyuwangi"
"kec_3946","Licin","Banyuwangi"
"kec_3947","Kabat","Banyuwangi"
"kec_3948","Rogojampi","Banyuwangi"
"kec_3949","Songgon","Banyuwangi"
"kec_3950","Singojuruh","Banyuwangi"
"kec_3951","Genteng","Banyuwangi"
"kec_3952","Glenmore","Banyuwangi"
"kec_3953","Kalibaru","Banyuwangi"
"kec_3954","Sempu","Banyuwangi"
"kec_3955","Srono","Banyuwangi"
"kec_3956","Muncar","Banyuwangi"
"kec_3957","Cluring","Banyuwangi"
"kec_3958","Purwoharjo","Banyuwangi"
"kec_3959","Tegaldlimo","Banyuwangi"
"kec_3960","Tegalsari","Banyuwangi"
"kec_3961","Gambiran","Banyuwangi"
"kec_3962","Bangorejo","Banyuwangi"
"kec_3963","Siliragung","Banyuwangi"
"kec_3964","Pesanggaran","Banyuwangi"
"kec_3965","Bangkalan","Bangkalan"
"kec_3966","Burneh","Bangkalan"
"kec_3967","Arosbaya","Bangkalan"
"kec_3968","Geger","Bangkalan"
"kec_3969","Klampis","Bangkalan"
"kec_3970","Sepulu","Bangkalan"
"kec_3971","Kokop","Bangkalan"
"kec_3972","Tanjungbumi","Bangkalan"
"kec_3973","Socah","Bangkalan"
"kec_3974","Kamal","Bangkalan"
"kec_3975","Labang","Bangkalan"
"kec_3976","Kwanyar","Bangkalan"
"kec_3977","Tragah","Bangkalan"
"kec_3978","Modung","Bangkalan"
"kec_3979","Tanah Merah","Bangkalan"
"kec_3980","Galis","Bangkalan"
"kec_3981","Blega","Bangkalan"
"kec_3982","Konang","Bangkalan"
"kec_3983","Sampang","Sampang"
"kec_3984","Kedungdung","Sampang"
"kec_3985","Tambelangan","Sampang"
"kec_3986","Robatal","Sampang"
"kec_3987","Karang Penang","Sampang"
"kec_3988","Ketapang","Sampang"
"kec_3989","Sokobanah","Sampang"
"kec_3990","Banyuates","Sampang"
"kec_3991","Pangarengan","Sampang"
"kec_3992","Torjun","Sampang"
"kec_3993","Jrengik","Sampang"
"kec_3994","Sreseh","Sampang"
"kec_3995","Camplong","Sampang"
"kec_3996","Omben","Sampang"
"kec_3997","Pamekasan","Pamekasan"
"kec_3998","Pademawu","Pamekasan"
"kec_3999","Pakong","Pamekasan"
"kec_4000","Waru","Pamekasan"
"kec_4001","Batumarmar","Pamekasan"
"kec_4002","Kadur","Pamekasan"
"kec_4003","Pasean","Pamekasan"
"kec_4004","Pegantenan","Pamekasan"
"kec_4005","Palenga'an","Pamekasan"
"kec_4006","Proppo","Pamekasan"
"kec_4007","Tlanakan","Pamekasan"
"kec_4008","Galis","Pamekasan"
"kec_4009","Larangan","Pamekasan"
"kec_4010","Kota Sumenep","Sumenep"
"kec_4011","Batuan","Sumenep"
"kec_4012","Manding","Sumenep"
"kec_4013","Batuputih","Sumenep"
"kec_4014","Dasuk","Sumenep"
"kec_4015","Ambunten","Sumenep"
"kec_4016","Rubaru","Sumenep"
"kec_4017","Pasongsongan","Sumenep"
"kec_4018","Lenteng","Sumenep"
"kec_4019","Ganding","Sumenep"
"kec_4020","Guluk Guluk","Sumenep"
"kec_4021","Pragaan","Sumenep"
"kec_4022","Bluto","Sumenep"
"kec_4023","Saronggi","Sumenep"
"kec_4024","Kalianget","Sumenep"
"kec_4025","Gapura","Sumenep"
"kec_4026","Batang Batang","Sumenep"
"kec_4027","Dungkek","Sumenep"
"kec_4028","Talango","Sumenep"
"kec_4029","Gili Ginting (Giligenteng)","Sumenep"
"kec_4030","Gayam","Sumenep"
"kec_4031","Nonggunong","Sumenep"
"kec_4032","Ra'as (Raas)","Sumenep"
"kec_4033","Arjasa","Sumenep"
"kec_4034","Kangayan","Sumenep"
"kec_4035","Masalembu","Sumenep"
"kec_4036","Sapeken","Sumenep"
